id,date,platform,brand,country,rating,likes,replies,text,mock_theme,mock_sentiment
POST_0458,2024-01-05,App Store,PulseFit,Australia,4,443,74,Fast response from support and the problem was fixed in one conversation. Overall this matters a lot to me.,service,positive
POST_0306,2024-01-05,App Store,BrightBank,United States,3,720,8,I had heard of BrightBank before but never used it. The name is familiar because I have seen several ads. Anyone else noticed this?,brand_salience,neutral
POST_0240,2024-01-07,Reddit,EcoCart,United States,4,273,42,I barely remember EcoCart. Nothing about the branding stands out compared with competitors. Hope they improve it in the next update.,brand_salience,negative
POST_0353,2024-01-07,Reddit,PulseFit,United States,4,651,1,Good value for money. The features justify the monthly price for me.,price,positive
POST_0415,2024-01-08,YouTube,BrightBank,United Kingdom,4,608,36,Fast response from support and the problem was fixed in one conversation. Overall this matters a lot to me.,service,positive
POST_0236,2024-01-10,YouTube,EcoCart,New Zealand,1,343,36,The app remembered my preferences and suggested exactly what I needed. This is the kind of personalisation I want. Curious what other users think.,personalisation,positive
POST_0539,2024-01-13,YouTube,EcoCart,Canada,4,333,46,I had heard of EcoCart before but never used it. The name is familiar because I have seen several ads. Anyone else noticed this?,brand_salience,neutral
POST_0273,2024-01-13,App Store,NovaStream,United Kingdom,4,293,2,I love how NovaStream recommends content based on my preferences. It feels genuinely personalised and relevant to me. Curious what other users think.,personalisation,positive
POST_0464,2024-01-14,App Store,EcoCart,Australia,4,54,7,Fast response from support and the problem was fixed in one conversation.,service,positive
POST_0124,2024-01-15,App Store,NovaStream,Australia,4,688,33,Users have been requesting this feature for months and NovaStream still ignores the community. Curious what other users think.,value_co_creation,negative
POST_0134,2024-01-16,Reddit,NovaStream,New Zealand,3,178,33,Fast response from support and the problem was fixed in one conversation. Anyone else noticed this?,service,positive
POST_0566,2024-01-16,Reddit,NovaStream,United Kingdom,4,804,63,I enjoy participating in the NovaStream community because users share ideas and the company responds to suggestions. Anyone else noticed this?,value_co_creation,positive
POST_0338,2024-01-18,YouTube,BrightBank,Australia,3,40,7,BrightBank changed its pricing plans this month and introduced a new premium tier.,price,neutral
POST_0169,2024-01-19,Google Play,BrightBank,United States,5,349,62,The personalised suggestions from BrightBank are completely wrong for me and the algorithm keeps showing irrelevant things. This has been my experience so far.,personalisation,negative
POST_0068,2024-01-20,App Store,NovaStream,Australia,5,358,28,The redesign is confusing. Important settings are buried in menus and the app feels harder to use. Curious what other users think.,usability,negative
POST_0180,2024-01-20,YouTube,NovaStream,United States,4,744,67,Support took three days to answer and my issue is still unresolved. Really frustrating experience with NovaStream. Anyone else noticed this?,service,negative
POST_0576,2024-01-22,Reddit,BrightBank,United Kingdom,5,256,5,"The new interface is clean, simple and much easier to navigate than the previous version. Hope they improve it in the next update.",usability,positive
POST_0146,2024-01-30,Google Play,NovaStream,United Kingdom,5,359,0,I am uncomfortable with how much data NovaStream collects. I want clearer privacy controls. This has been my experience so far.,privacy,negative
POST_0282,2024-01-31,Google Play,BrightBank,Canada,4,364,70,The beta program makes me feel involved in product development. Our feedback clearly contributes to improvements. This has been my experience so far.,value_co_creation,positive
POST_0002,2024-01-31,YouTube,BrightBank,United States,4,27,71,The personalised suggestions from BrightBank are completely wrong for me and the algorithm keeps showing irrelevant things. Anyone else noticed this?,personalisation,negative
POST_0069,2024-02-01,YouTube,NovaStream,Australia,4,244,16,The latest update crashes constantly and customer service keeps sending generic responses. Anyone else noticed this?,service,negative
POST_0386,2024-02-04,YouTube,BrightBank,United Kingdom,3,107,9,The app remembered my preferences and suggested exactly what I needed. This is the kind of personalisation I want.,personalisation,positive
POST_0195,2024-02-05,App Store,PulseFit,United States,5,375,46,I love how PulseFit recommends content based on my preferences. It feels genuinely personalised and relevant to me.,personalisation,positive
POST_0495,2024-02-07,Reddit,BrightBank,New Zealand,5,552,60,Customer support solved my problem quickly and the agent was friendly. Very happy with BrightBank. This has been my experience so far.,service,positive
POST_0179,2024-02-09,Reddit,PulseFit,United States,5,480,57,"The new interface is clean, simple and much easier to navigate than the previous version. Hope they improve it in the next update.",usability,positive
POST_0485,2024-02-12,YouTube,PulseFit,New Zealand,4,560,10,I am uncomfortable with how much data PulseFit collects. I want clearer privacy controls. Curious what other users think.,privacy,negative
POST_0230,2024-02-13,Google Play,PulseFit,Australia,3,452,32,PulseFit changed its pricing plans this month and introduced a new premium tier. Overall this matters a lot to me.,price,neutral
POST_0513,2024-02-14,Google Play,BrightBank,Canada,3,821,61,The campaign was catchy and made BrightBank much easier to recall when I was deciding what to buy. Curious what other users think.,brand_salience,positive
POST_0038,2024-02-15,Google Play,BrightBank,United States,4,268,20,The personalised suggestions from BrightBank are completely wrong for me and the algorithm keeps showing irrelevant things. This has been my experience so far.,personalisation,negative
POST_0455,2024-02-16,YouTube,EcoCart,United States,5,760,52,"EcoCart has strong awareness in my area, although I am not sure whether people actually prefer it. Hope they improve it in the next update.",brand_salience,neutral
POST_0219,2024-02-16,YouTube,BrightBank,United Kingdom,5,531,58,BrightBank actually listened to community feedback and added the feature users requested. Great example of customers shaping the product. Anyone else noticed this?,value_co_creation,positive
POST_0446,2024-02-17,App Store,BrightBank,United Kingdom,1,694,67,The new privacy dashboard gives users much more control over their data and permissions. This has been my experience so far.,privacy,positive
POST_0409,2024-02-21,App Store,NovaStream,United States,3,843,59,I enjoy participating in the NovaStream community because users share ideas and the company responds to suggestions. Overall this matters a lot to me.,value_co_creation,positive
POST_0598,2024-02-21,Reddit,PulseFit,Canada,5,770,73,The beta program makes me feel involved in product development. Our feedback clearly contributes to improvements. Overall this matters a lot to me.,value_co_creation,positive
POST_0366,2024-02-21,App Store,NovaStream,Canada,5,404,63,"I like tailored recommendations, but NovaStream seems to track too much information about me. The privacy trade-off worries me. Curious what other users think.",personalisation,negative
POST_0030,2024-02-21,YouTube,EcoCart,New Zealand,5,543,20,Good value for money. The features justify the monthly price for me. Hope they improve it in the next update.,price,positive
POST_0232,2024-02-21,Reddit,PulseFit,United States,4,53,12,Support took three days to answer and my issue is still unresolved. Really frustrating experience with PulseFit. Curious what other users think.,service,negative
POST_0175,2024-02-23,Google Play,PulseFit,United Kingdom,4,105,66,"The new interface is clean, simple and much easier to navigate than the previous version. Hope they improve it in the next update.",usability,positive
POST_0084,2024-02-25,YouTube,EcoCart,United States,4,770,62,"After the update, EcoCart added a preference section where users can adjust the recommendations they receive. This has been my experience so far.",personalisation,neutral
POST_0597,2024-02-25,App Store,NovaStream,Australia,3,578,19,Good value for money. The features justify the monthly price for me. Curious what other users think.,price,positive
POST_0596,2024-02-27,YouTube,BrightBank,Canada,4,123,29,The recommendations are getting better. BrightBank seems to understand what I like without making the experience complicated. This has been my experience so far.,personalisation,positive
POST_0417,2024-02-28,Reddit,PulseFit,United Kingdom,5,738,3,PulseFit actually listened to community feedback and added the feature users requested. Great example of customers shaping the product. Hope they improve it in the next update.,value_co_creation,positive
POST_0272,2024-03-02,Google Play,BrightBank,New Zealand,5,675,62,The campaign was catchy and made BrightBank much easier to recall when I was deciding what to buy. Overall this matters a lot to me.,brand_salience,positive
POST_0137,2024-03-03,YouTube,BrightBank,Canada,5,502,56,"There is a new community forum where customers can submit ideas, vote on features and discuss product improvements. Hope they improve it in the next update.",value_co_creation,neutral
POST_0416,2024-03-06,App Store,NovaStream,United Kingdom,5,267,38,"There is a new community forum where customers can submit ideas, vote on features and discuss product improvements. This has been my experience so far.",value_co_creation,neutral
POST_0086,2024-03-07,YouTube,BrightBank,Australia,4,702,6,I am uncomfortable with how much data BrightBank collects. I want clearer privacy controls. Hope they improve it in the next update.,privacy,negative
POST_0303,2024-03-09,Google Play,BrightBank,Australia,1,351,13,Good value for money. The features justify the monthly price for me.,price,positive
POST_0132,2024-03-11,Reddit,PulseFit,New Zealand,2,238,42,I enjoy participating in the PulseFit community because users share ideas and the company responds to suggestions. Anyone else noticed this?,value_co_creation,positive
POST_0249,2024-03-11,YouTube,NovaStream,United Kingdom,4,787,17,Users have been requesting this feature for months and NovaStream still ignores the community.,value_co_creation,negative
POST_0031,2024-03-11,Reddit,NovaStream,United States,4,583,31,The recommendations are getting better. NovaStream seems to understand what I like without making the experience complicated.,personalisation,positive
POST_0147,2024-03-12,App Store,PulseFit,Australia,1,543,27,The app remembered my preferences and suggested exactly what I needed. This is the kind of personalisation I want. Overall this matters a lot to me.,personalisation,positive
POST_0091,2024-03-13,App Store,EcoCart,United Kingdom,5,640,75,"There is a new community forum where customers can submit ideas, vote on features and discuss product improvements. Anyone else noticed this?",value_co_creation,neutral
POST_0021,2024-03-13,YouTube,PulseFit,Australia,3,32,42,Customer support solved my problem quickly and the agent was friendly. Very happy with PulseFit. Overall this matters a lot to me.,service,positive
POST_0154,2024-03-14,Google Play,PulseFit,Australia,4,470,9,"When I think about this category, PulseFit is the first brand that comes to mind. It is memorable and easy to recognise. Overall this matters a lot to me.",brand_salience,positive
POST_0034,2024-03-16,YouTube,BrightBank,New Zealand,3,357,8,I love how BrightBank recommends content based on my preferences. It feels genuinely personalised and relevant to me. Anyone else noticed this?,personalisation,positive
POST_0116,2024-03-16,Reddit,EcoCart,New Zealand,3,434,32,The new privacy dashboard gives users much more control over their data and permissions. This has been my experience so far.,privacy,positive
POST_0329,2024-03-20,App Store,PulseFit,United States,4,455,1,I love how PulseFit recommends content based on my preferences. It feels genuinely personalised and relevant to me. Curious what other users think.,personalisation,positive
POST_0382,2024-03-20,Google Play,PulseFit,United Kingdom,2,90,42,I barely remember PulseFit. Nothing about the branding stands out compared with competitors. This has been my experience so far.,brand_salience,negative
POST_0535,2024-03-21,YouTube,NovaStream,Canada,4,782,69,NovaStream changed its pricing plans this month and introduced a new premium tier. Overall this matters a lot to me.,price,neutral
POST_0208,2024-03-24,YouTube,NovaStream,New Zealand,3,215,73,The redesign is confusing. Important settings are buried in menus and the app feels harder to use. Overall this matters a lot to me.,usability,negative
POST_0392,2024-03-24,Google Play,PulseFit,United Kingdom,5,482,62,PulseFit actually listened to community feedback and added the feature users requested. Great example of customers shaping the product.,value_co_creation,positive
POST_0284,2024-03-25,YouTube,PulseFit,Canada,5,649,19,"The new interface is clean, simple and much easier to navigate than the previous version. Anyone else noticed this?",usability,positive
POST_0340,2024-03-26,Google Play,PulseFit,New Zealand,5,827,19,The latest update crashes constantly and customer service keeps sending generic responses.,service,negative
POST_0176,2024-03-26,Google Play,NovaStream,Canada,5,150,55,I am uncomfortable with how much data NovaStream collects. I want clearer privacy controls. This has been my experience so far.,privacy,negative
POST_0356,2024-03-27,App Store,EcoCart,New Zealand,2,839,50,The subscription price is too high now. EcoCart is becoming expensive compared with alternatives.,price,negative
POST_0078,2024-03-28,Reddit,NovaStream,Canada,4,776,30,"NovaStream has strong awareness in my area, although I am not sure whether people actually prefer it. Overall this matters a lot to me.",brand_salience,neutral
POST_0395,2024-03-28,YouTube,PulseFit,New Zealand,4,774,75,The recommendations are getting better. PulseFit seems to understand what I like without making the experience complicated. This has been my experience so far.,personalisation,positive
POST_0087,2024-03-28,Google Play,PulseFit,New Zealand,5,620,28,"After the update, PulseFit added a preference section where users can adjust the recommendations they receive.",personalisation,neutral
POST_0508,2024-03-28,Google Play,NovaStream,New Zealand,5,493,21,The latest update crashes constantly and customer service keeps sending generic responses. Hope they improve it in the next update.,service,negative
POST_0351,2024-03-29,Google Play,EcoCart,Australia,3,298,72,EcoCart changed its pricing plans this month and introduced a new premium tier. Hope they improve it in the next update.,price,neutral
POST_0287,2024-04-01,YouTube,NovaStream,Australia,4,803,41,I see NovaStream everywhere lately. The logo and advertising are distinctive and I immediately recognise the brand. Curious what other users think.,brand_salience,positive
POST_0439,2024-04-02,Reddit,BrightBank,Australia,5,659,29,"I like tailored recommendations, but BrightBank seems to track too much information about me. The privacy trade-off worries me.",personalisation,negative
POST_0112,2024-04-02,Reddit,EcoCart,Australia,4,710,38,I enjoy participating in the EcoCart community because users share ideas and the company responds to suggestions.,value_co_creation,positive
POST_0097,2024-04-03,App Store,BrightBank,Canada,3,686,13,The app remembered my preferences and suggested exactly what I needed. This is the kind of personalisation I want. This has been my experience so far.,personalisation,positive
POST_0276,2024-04-05,YouTube,NovaStream,Canada,4,57,1,"There is a new community forum where customers can submit ideas, vote on features and discuss product improvements. Hope they improve it in the next update.",value_co_creation,neutral
POST_0142,2024-04-05,YouTube,NovaStream,United Kingdom,5,569,7,The personalised suggestions from NovaStream are completely wrong for me and the algorithm keeps showing irrelevant things.,personalisation,negative
POST_0593,2024-04-06,Reddit,EcoCart,United Kingdom,2,271,46,EcoCart changed its pricing plans this month and introduced a new premium tier. Hope they improve it in the next update.,price,neutral
POST_0218,2024-04-09,Reddit,NovaStream,United Kingdom,4,374,18,NovaStream keeps asking for customer feedback but nothing changes. It feels like participation is just for show. This has been my experience so far.,value_co_creation,negative
POST_0266,2024-04-10,App Store,BrightBank,United Kingdom,5,379,40,The new privacy dashboard gives users much more control over their data and permissions. Hope they improve it in the next update.,privacy,positive
POST_0545,2024-04-11,App Store,NovaStream,Australia,2,260,60,"NovaStream has strong awareness in my area, although I am not sure whether people actually prefer it. Anyone else noticed this?",brand_salience,neutral
POST_0233,2024-04-12,App Store,EcoCart,Australia,5,161,52,I see EcoCart everywhere lately. The logo and advertising are distinctive and I immediately recognise the brand. Anyone else noticed this?,brand_salience,positive
POST_0316,2024-04-14,App Store,PulseFit,United States,3,33,57,"PulseFit has strong awareness in my area, although I am not sure whether people actually prefer it. Overall this matters a lot to me.",brand_salience,neutral
POST_0565,2024-04-14,Reddit,NovaStream,United States,5,744,1,"NovaStream has strong awareness in my area, although I am not sure whether people actually prefer it. This has been my experience so far.",brand_salience,neutral
POST_0553,2024-04-15,App Store,PulseFit,Canada,4,26,50,PulseFit actually listened to community feedback and added the feature users requested. Great example of customers shaping the product.,value_co_creation,positive
POST_0144,2024-04-16,Google Play,EcoCart,United States,2,493,28,"There is a new community forum where customers can submit ideas, vote on features and discuss product improvements. Curious what other users think.",value_co_creation,neutral
POST_0074,2024-04-18,App Store,BrightBank,Canada,5,445,22,I love how BrightBank recommends content based on my preferences. It feels genuinely personalised and relevant to me. This has been my experience so far.,personalisation,positive
POST_0291,2024-04-19,App Store,PulseFit,Australia,5,340,48,Support took three days to answer and my issue is still unresolved. Really frustrating experience with PulseFit. This has been my experience so far.,service,negative
POST_0274,2024-04-19,Reddit,BrightBank,United States,3,634,67,The campaign was catchy and made BrightBank much easier to recall when I was deciding what to buy. Curious what other users think.,brand_salience,positive
POST_0125,2024-04-20,Google Play,BrightBank,Canada,1,574,41,Customer support solved my problem quickly and the agent was friendly. Very happy with BrightBank. Anyone else noticed this?,service,positive
POST_0071,2024-04-20,Google Play,PulseFit,United Kingdom,4,384,50,PulseFit changed its pricing plans this month and introduced a new premium tier.,price,neutral
POST_0476,2024-04-26,App Store,EcoCart,New Zealand,5,25,66,The recommendations are getting better. EcoCart seems to understand what I like without making the experience complicated. This has been my experience so far.,personalisation,positive
POST_0454,2024-04-26,App Store,EcoCart,United States,1,363,37,The subscription price is too high now. EcoCart is becoming expensive compared with alternatives. Overall this matters a lot to me.,price,negative
POST_0092,2024-04-27,App Store,PulseFit,United States,5,846,18,Fast response from support and the problem was fixed in one conversation. Anyone else noticed this?,service,positive
POST_0487,2024-04-27,Reddit,EcoCart,New Zealand,5,769,70,Support took three days to answer and my issue is still unresolved. Really frustrating experience with EcoCart. Overall this matters a lot to me.,service,negative
POST_0103,2024-04-30,App Store,NovaStream,Canada,5,298,65,I enjoy participating in the NovaStream community because users share ideas and the company responds to suggestions. Anyone else noticed this?,value_co_creation,positive
POST_0547,2024-05-04,App Store,NovaStream,New Zealand,2,589,68,Users have been requesting this feature for months and NovaStream still ignores the community. Overall this matters a lot to me.,value_co_creation,negative
POST_0199,2024-05-05,Reddit,BrightBank,Canada,2,730,56,The subscription price is too high now. BrightBank is becoming expensive compared with alternatives.,price,negative
POST_0552,2024-05-08,YouTube,PulseFit,United Kingdom,5,717,10,The app remembered my preferences and suggested exactly what I needed. This is the kind of personalisation I want. Anyone else noticed this?,personalisation,positive
POST_0065,2024-05-10,App Store,PulseFit,Australia,5,606,72,Good value for money. The features justify the monthly price for me. Curious what other users think.,price,positive
POST_0506,2024-05-10,YouTube,PulseFit,United States,2,524,5,I love how PulseFit recommends content based on my preferences. It feels genuinely personalised and relevant to me. Curious what other users think.,personalisation,positive
POST_0204,2024-05-11,Google Play,BrightBank,New Zealand,2,132,55,I had heard of BrightBank before but never used it. The name is familiar because I have seen several ads. Overall this matters a lot to me.,brand_salience,neutral
POST_0582,2024-05-12,YouTube,NovaStream,United States,1,196,12,The campaign was catchy and made NovaStream much easier to recall when I was deciding what to buy.,brand_salience,positive
POST_0429,2024-05-12,Google Play,EcoCart,New Zealand,4,171,8,I enjoy participating in the EcoCart community because users share ideas and the company responds to suggestions. Hope they improve it in the next update.,value_co_creation,positive
POST_0286,2024-05-15,YouTube,EcoCart,Canada,4,568,65,EcoCart changed its pricing plans this month and introduced a new premium tier. Anyone else noticed this?,price,neutral
POST_0413,2024-05-15,App Store,NovaStream,New Zealand,5,229,32,I love how NovaStream recommends content based on my preferences. It feels genuinely personalised and relevant to me. Anyone else noticed this?,personalisation,positive
POST_0247,2024-05-15,App Store,NovaStream,Canada,4,572,59,"The new interface is clean, simple and much easier to navigate than the previous version. Hope they improve it in the next update.",usability,positive
POST_0186,2024-05-16,Google Play,NovaStream,New Zealand,3,658,22,Good value for money. The features justify the monthly price for me. This has been my experience so far.,price,positive
POST_0057,2024-05-16,App Store,NovaStream,New Zealand,5,609,40,I am uncomfortable with how much data NovaStream collects. I want clearer privacy controls. Overall this matters a lot to me.,privacy,negative
POST_0243,2024-05-16,Reddit,PulseFit,Canada,5,620,47,Users have been requesting this feature for months and PulseFit still ignores the community. Anyone else noticed this?,value_co_creation,negative
POST_0036,2024-05-17,YouTube,EcoCart,Australia,5,159,34,I love how EcoCart recommends content based on my preferences. It feels genuinely personalised and relevant to me.,personalisation,positive
POST_0271,2024-05-20,App Store,NovaStream,Australia,5,9,27,NovaStream changed its pricing plans this month and introduced a new premium tier. Anyone else noticed this?,price,neutral
POST_0363,2024-05-23,YouTube,BrightBank,Australia,5,227,16,"I like tailored recommendations, but BrightBank seems to track too much information about me. The privacy trade-off worries me.",personalisation,negative
POST_0106,2024-06-01,App Store,EcoCart,Canada,3,565,69,Good value for money. The features justify the monthly price for me. Curious what other users think.,price,positive
POST_0448,2024-06-01,App Store,EcoCart,Australia,1,160,64,I barely remember EcoCart. Nothing about the branding stands out compared with competitors. Curious what other users think.,brand_salience,negative
POST_0160,2024-06-03,Google Play,EcoCart,Canada,4,310,35,I had heard of EcoCart before but never used it. The name is familiar because I have seen several ads.,brand_salience,neutral
POST_0268,2024-06-05,Google Play,BrightBank,United States,4,251,63,Good value for money. The features justify the monthly price for me. This has been my experience so far.,price,positive
POST_0253,2024-06-07,Google Play,BrightBank,Australia,1,676,53,I enjoy participating in the BrightBank community because users share ideas and the company responds to suggestions. Anyone else noticed this?,value_co_creation,positive
POST_0170,2024-06-07,Reddit,PulseFit,Australia,4,552,67,PulseFit actually listened to community feedback and added the feature users requested. Great example of customers shaping the product. This has been my experience so far.,value_co_creation,positive
POST_0149,2024-06-08,YouTube,NovaStream,Australia,5,278,56,Support took three days to answer and my issue is still unresolved. Really frustrating experience with NovaStream. Curious what other users think.,service,negative
POST_0525,2024-06-10,YouTube,PulseFit,Canada,3,404,51,Users have been requesting this feature for months and PulseFit still ignores the community. This has been my experience so far.,value_co_creation,negative
POST_0504,2024-06-10,Reddit,PulseFit,Australia,5,424,42,PulseFit actually listened to community feedback and added the feature users requested. Great example of customers shaping the product. Curious what other users think.,value_co_creation,positive
POST_0444,2024-06-12,YouTube,PulseFit,New Zealand,4,582,56,"I like tailored recommendations, but PulseFit seems to track too much information about me. The privacy trade-off worries me. Hope they improve it in the next update.",personalisation,negative
POST_0043,2024-06-12,Google Play,PulseFit,Canada,5,481,28,"The new interface is clean, simple and much easier to navigate than the previous version.",usability,positive
POST_0498,2024-06-12,App Store,PulseFit,New Zealand,5,149,61,PulseFit changed its pricing plans this month and introduced a new premium tier. Curious what other users think.,price,neutral
POST_0387,2024-06-13,App Store,PulseFit,New Zealand,5,95,43,The beta program makes me feel involved in product development. Our feedback clearly contributes to improvements.,value_co_creation,positive
POST_0550,2024-06-14,YouTube,NovaStream,United Kingdom,3,298,34,"When I think about this category, NovaStream is the first brand that comes to mind. It is memorable and easy to recognise. Anyone else noticed this?",brand_salience,positive
POST_0042,2024-06-15,Reddit,PulseFit,Australia,2,340,52,Support took three days to answer and my issue is still unresolved. Really frustrating experience with PulseFit. Hope they improve it in the next update.,service,negative
POST_0359,2024-06-17,YouTube,PulseFit,United Kingdom,4,548,45,"I like tailored recommendations, but PulseFit seems to track too much information about me. The privacy trade-off worries me. Hope they improve it in the next update.",personalisation,negative
POST_0122,2024-06-17,Google Play,EcoCart,United Kingdom,5,346,14,The new privacy dashboard gives users much more control over their data and permissions. Hope they improve it in the next update.,privacy,positive
POST_0449,2024-06-18,App Store,BrightBank,United Kingdom,3,284,6,I am uncomfortable with how much data BrightBank collects. I want clearer privacy controls. Hope they improve it in the next update.,privacy,negative
POST_0507,2024-06-19,YouTube,PulseFit,New Zealand,5,613,72,The new privacy dashboard gives users much more control over their data and permissions. Anyone else noticed this?,privacy,positive
POST_0426,2024-06-21,Reddit,EcoCart,Canada,5,798,11,I had heard of EcoCart before but never used it. The name is familiar because I have seen several ads. Anyone else noticed this?,brand_salience,neutral
POST_0289,2024-06-22,App Store,PulseFit,United Kingdom,3,149,8,Customer support solved my problem quickly and the agent was friendly. Very happy with PulseFit. This has been my experience so far.,service,positive
POST_0114,2024-06-23,Reddit,BrightBank,New Zealand,5,634,30,The campaign was catchy and made BrightBank much easier to recall when I was deciding what to buy.,brand_salience,positive
POST_0403,2024-06-25,YouTube,BrightBank,United States,4,697,51,Support took three days to answer and my issue is still unresolved. Really frustrating experience with BrightBank. Hope they improve it in the next update.,service,negative
POST_0367,2024-06-25,App Store,BrightBank,United States,3,456,19,I love how BrightBank recommends content based on my preferences. It feels genuinely personalised and relevant to me. Anyone else noticed this?,personalisation,positive
POST_0595,2024-06-26,App Store,EcoCart,New Zealand,5,97,38,Good value for money. The features justify the monthly price for me. Overall this matters a lot to me.,price,positive
POST_0379,2024-06-27,Google Play,BrightBank,New Zealand,5,228,75,"The new interface is clean, simple and much easier to navigate than the previous version. Curious what other users think.",usability,positive
POST_0362,2024-06-27,Google Play,EcoCart,Canada,4,563,31,The recommendations are getting better. EcoCart seems to understand what I like without making the experience complicated. Hope they improve it in the next update.,personalisation,positive
POST_0523,2024-06-28,YouTube,EcoCart,Canada,1,672,66,Support took three days to answer and my issue is still unresolved. Really frustrating experience with EcoCart. Hope they improve it in the next update.,service,negative
POST_0235,2024-06-28,YouTube,PulseFit,Australia,5,406,63,The latest update crashes constantly and customer service keeps sending generic responses. Anyone else noticed this?,service,negative
POST_0251,2024-07-01,YouTube,EcoCart,New Zealand,2,228,0,"After the update, EcoCart added a preference section where users can adjust the recommendations they receive. Hope they improve it in the next update.",personalisation,neutral
POST_0046,2024-07-01,Google Play,NovaStream,Australia,1,444,44,I love how NovaStream recommends content based on my preferences. It feels genuinely personalised and relevant to me. This has been my experience so far.,personalisation,positive
POST_0381,2024-07-05,YouTube,BrightBank,New Zealand,3,579,13,The subscription price is too high now. BrightBank is becoming expensive compared with alternatives. This has been my experience so far.,price,negative
POST_0270,2024-07-07,App Store,PulseFit,Australia,4,76,6,The app remembered my preferences and suggested exactly what I needed. This is the kind of personalisation I want. Overall this matters a lot to me.,personalisation,positive
POST_0305,2024-07-09,Reddit,BrightBank,Canada,4,755,25,I enjoy participating in the BrightBank community because users share ideas and the company responds to suggestions. Overall this matters a lot to me.,value_co_creation,positive
POST_0456,2024-07-11,Reddit,EcoCart,United States,4,800,24,"I like tailored recommendations, but EcoCart seems to track too much information about me. The privacy trade-off worries me. Hope they improve it in the next update.",personalisation,negative
POST_0563,2024-07-11,App Store,EcoCart,United States,3,652,58,"The new interface is clean, simple and much easier to navigate than the previous version. Anyone else noticed this?",usability,positive
POST_0107,2024-07-12,Google Play,BrightBank,New Zealand,4,794,52,"When I think about this category, BrightBank is the first brand that comes to mind. It is memorable and easy to recognise. Anyone else noticed this?",brand_salience,positive
POST_0029,2024-07-13,Reddit,BrightBank,Australia,4,555,7,Fast response from support and the problem was fixed in one conversation. Anyone else noticed this?,service,positive
POST_0389,2024-07-13,Reddit,EcoCart,New Zealand,5,747,69,"I like tailored recommendations, but EcoCart seems to track too much information about me. The privacy trade-off worries me. Overall this matters a lot to me.",personalisation,negative
POST_0568,2024-07-15,Reddit,BrightBank,Australia,2,786,31,"BrightBank has strong awareness in my area, although I am not sure whether people actually prefer it. Hope they improve it in the next update.",brand_salience,neutral
POST_0025,2024-07-15,Reddit,NovaStream,Canada,2,187,35,"The new interface is clean, simple and much easier to navigate than the previous version. Curious what other users think.",usability,positive
POST_0050,2024-07-15,Reddit,EcoCart,Canada,5,178,72,The subscription price is too high now. EcoCart is becoming expensive compared with alternatives. Overall this matters a lot to me.,price,negative
POST_0083,2024-07-17,YouTube,EcoCart,United Kingdom,2,14,68,Support took three days to answer and my issue is still unresolved. Really frustrating experience with EcoCart. Anyone else noticed this?,service,negative
POST_0423,2024-07-18,App Store,NovaStream,Canada,4,423,6,I am uncomfortable with how much data NovaStream collects. I want clearer privacy controls.,privacy,negative
POST_0543,2024-07-19,App Store,BrightBank,United States,4,9,22,"BrightBank has strong awareness in my area, although I am not sure whether people actually prefer it. Overall this matters a lot to me.",brand_salience,neutral
POST_0054,2024-07-22,Reddit,EcoCart,Australia,3,486,9,Fast response from support and the problem was fixed in one conversation.,service,positive
POST_0188,2024-07-23,YouTube,PulseFit,United Kingdom,4,834,69,"There is a new community forum where customers can submit ideas, vote on features and discuss product improvements. This has been my experience so far.",value_co_creation,neutral
POST_0424,2024-07-24,Reddit,PulseFit,New Zealand,5,468,18,I am uncomfortable with how much data PulseFit collects. I want clearer privacy controls. Hope they improve it in the next update.,privacy,negative
POST_0462,2024-07-24,Reddit,EcoCart,United Kingdom,5,688,16,I am uncomfortable with how much data EcoCart collects. I want clearer privacy controls. Curious what other users think.,privacy,negative
POST_0231,2024-07-25,Reddit,BrightBank,New Zealand,5,140,13,Good value for money. The features justify the monthly price for me. This has been my experience so far.,price,positive
POST_0399,2024-07-25,App Store,NovaStream,New Zealand,3,744,8,I see NovaStream everywhere lately. The logo and advertising are distinctive and I immediately recognise the brand. Anyone else noticed this?,brand_salience,positive
POST_0037,2024-07-27,Google Play,PulseFit,United Kingdom,4,257,6,"There is a new community forum where customers can submit ideas, vote on features and discuss product improvements. Overall this matters a lot to me.",value_co_creation,neutral
POST_0101,2024-07-27,YouTube,BrightBank,United States,5,448,62,The latest update crashes constantly and customer service keeps sending generic responses. Curious what other users think.,service,negative
POST_0534,2024-07-30,Google Play,PulseFit,United States,5,364,19,Good value for money. The features justify the monthly price for me. Anyone else noticed this?,price,positive
POST_0254,2024-07-30,Reddit,NovaStream,New Zealand,1,612,6,Support took three days to answer and my issue is still unresolved. Really frustrating experience with NovaStream.,service,negative
POST_0263,2024-08-01,App Store,PulseFit,Australia,2,194,15,"The new interface is clean, simple and much easier to navigate than the previous version. This has been my experience so far.",usability,positive
POST_0584,2024-08-01,YouTube,NovaStream,Australia,4,654,7,Support took three days to answer and my issue is still unresolved. Really frustrating experience with NovaStream. Hope they improve it in the next update.,service,negative
POST_0383,2024-08-02,Google Play,NovaStream,Australia,3,805,13,I had heard of NovaStream before but never used it. The name is familiar because I have seen several ads. Overall this matters a lot to me.,brand_salience,neutral
POST_0041,2024-08-03,Google Play,NovaStream,Australia,3,573,52,The new privacy dashboard gives users much more control over their data and permissions. Anyone else noticed this?,privacy,positive
POST_0478,2024-08-03,YouTube,NovaStream,United States,5,434,13,The app remembered my preferences and suggested exactly what I needed. This is the kind of personalisation I want. Overall this matters a lot to me.,personalisation,positive
POST_0324,2024-08-04,App Store,PulseFit,United Kingdom,5,345,70,"When I think about this category, PulseFit is the first brand that comes to mind. It is memorable and easy to recognise. This has been my experience so far.",brand_salience,positive
POST_0486,2024-08-04,Google Play,PulseFit,New Zealand,2,188,28,"There is a new community forum where customers can submit ideas, vote on features and discuss product improvements. Overall this matters a lot to me.",value_co_creation,neutral
POST_0010,2024-08-04,YouTube,EcoCart,United Kingdom,2,511,50,"When I think about this category, EcoCart is the first brand that comes to mind. It is memorable and easy to recognise. Overall this matters a lot to me.",brand_salience,positive
POST_0004,2024-08-08,Reddit,EcoCart,Australia,4,367,44,The beta program makes me feel involved in product development. Our feedback clearly contributes to improvements.,value_co_creation,positive
POST_0215,2024-08-08,Reddit,BrightBank,Australia,1,506,60,The campaign was catchy and made BrightBank much easier to recall when I was deciding what to buy. This has been my experience so far.,brand_salience,positive
POST_0586,2024-08-09,YouTube,EcoCart,Australia,5,544,49,The redesign is confusing. Important settings are buried in menus and the app feels harder to use.,usability,negative
POST_0082,2024-08-09,Reddit,PulseFit,United Kingdom,5,778,67,Good value for money. The features justify the monthly price for me. Hope they improve it in the next update.,price,positive
POST_0056,2024-08-12,App Store,NovaStream,New Zealand,4,570,31,The new privacy dashboard gives users much more control over their data and permissions. Overall this matters a lot to me.,privacy,positive
POST_0012,2024-08-12,Google Play,BrightBank,Canada,1,48,14,I see BrightBank everywhere lately. The logo and advertising are distinctive and I immediately recognise the brand. Curious what other users think.,brand_salience,positive
POST_0537,2024-08-15,App Store,EcoCart,Australia,4,433,61,EcoCart changed its pricing plans this month and introduced a new premium tier. Anyone else noticed this?,price,neutral
POST_0522,2024-08-15,Google Play,NovaStream,New Zealand,1,393,51,The personalised suggestions from NovaStream are completely wrong for me and the algorithm keeps showing irrelevant things.,personalisation,negative
POST_0350,2024-08-16,Reddit,NovaStream,Canada,1,476,36,"I like tailored recommendations, but NovaStream seems to track too much information about me. The privacy trade-off worries me.",personalisation,negative
POST_0178,2024-08-17,Google Play,NovaStream,Australia,5,665,42,"When I think about this category, NovaStream is the first brand that comes to mind. It is memorable and easy to recognise. This has been my experience so far.",brand_salience,positive
POST_0314,2024-08-18,Google Play,NovaStream,United States,5,579,63,"There is a new community forum where customers can submit ideas, vote on features and discuss product improvements. This has been my experience so far.",value_co_creation,neutral
POST_0123,2024-08-19,Reddit,NovaStream,Canada,5,823,71,I had heard of NovaStream before but never used it. The name is familiar because I have seen several ads. Overall this matters a lot to me.,brand_salience,neutral
POST_0119,2024-08-23,Google Play,BrightBank,United States,4,635,32,Support took three days to answer and my issue is still unresolved. Really frustrating experience with BrightBank. This has been my experience so far.,service,negative
POST_0390,2024-08-31,Google Play,EcoCart,Canada,4,502,19,EcoCart keeps asking for customer feedback but nothing changes. It feels like participation is just for show.,value_co_creation,negative
POST_0181,2024-08-31,Google Play,NovaStream,Australia,3,654,58,I see NovaStream everywhere lately. The logo and advertising are distinctive and I immediately recognise the brand.,brand_salience,positive
POST_0212,2024-09-04,Google Play,NovaStream,United Kingdom,4,144,12,The campaign was catchy and made NovaStream much easier to recall when I was deciding what to buy.,brand_salience,positive
POST_0261,2024-09-05,App Store,PulseFit,United Kingdom,5,460,47,The campaign was catchy and made PulseFit much easier to recall when I was deciding what to buy. Anyone else noticed this?,brand_salience,positive
POST_0020,2024-09-10,YouTube,BrightBank,United Kingdom,1,567,29,I had heard of BrightBank before but never used it. The name is familiar because I have seen several ads.,brand_salience,neutral
POST_0244,2024-09-10,Reddit,BrightBank,Australia,4,540,46,I see BrightBank everywhere lately. The logo and advertising are distinctive and I immediately recognise the brand. Curious what other users think.,brand_salience,positive
POST_0561,2024-09-12,App Store,BrightBank,Canada,5,225,33,The new privacy dashboard gives users much more control over their data and permissions. Overall this matters a lot to me.,privacy,positive
POST_0206,2024-09-13,YouTube,EcoCart,New Zealand,3,640,38,Users have been requesting this feature for months and EcoCart still ignores the community. Overall this matters a lot to me.,value_co_creation,negative
POST_0468,2024-09-14,YouTube,NovaStream,Canada,5,648,47,"NovaStream has strong awareness in my area, although I am not sure whether people actually prefer it. Curious what other users think.",brand_salience,neutral
POST_0480,2024-09-14,Reddit,NovaStream,New Zealand,5,264,52,The personalised suggestions from NovaStream are completely wrong for me and the algorithm keeps showing irrelevant things.,personalisation,negative
POST_0185,2024-09-16,Google Play,BrightBank,United Kingdom,5,353,30,The recommendations are getting better. BrightBank seems to understand what I like without making the experience complicated.,personalisation,positive
POST_0594,2024-09-19,Reddit,PulseFit,New Zealand,4,222,9,The new privacy dashboard gives users much more control over their data and permissions.,privacy,positive
POST_0418,2024-09-22,Google Play,BrightBank,Canada,5,597,73,The latest update crashes constantly and customer service keeps sending generic responses. Hope they improve it in the next update.,service,negative
POST_0422,2024-09-23,Google Play,EcoCart,Canada,5,481,6,"The new interface is clean, simple and much easier to navigate than the previous version. This has been my experience so far.",usability,positive
POST_0554,2024-09-25,YouTube,NovaStream,Australia,5,399,39,The campaign was catchy and made NovaStream much easier to recall when I was deciding what to buy. Anyone else noticed this?,brand_salience,positive
POST_0600,2024-09-25,App Store,NovaStream,New Zealand,4,714,16,Customer support solved my problem quickly and the agent was friendly. Very happy with NovaStream. Hope they improve it in the next update.,service,positive
POST_0198,2024-09-25,YouTube,BrightBank,Canada,2,626,36,I barely remember BrightBank. Nothing about the branding stands out compared with competitors. Overall this matters a lot to me.,brand_salience,negative
POST_0394,2024-09-26,YouTube,BrightBank,United Kingdom,3,275,72,The app remembered my preferences and suggested exactly what I needed. This is the kind of personalisation I want. Hope they improve it in the next update.,personalisation,positive
POST_0437,2024-09-26,Reddit,PulseFit,United Kingdom,5,302,20,I barely remember PulseFit. Nothing about the branding stands out compared with competitors. Anyone else noticed this?,brand_salience,negative
POST_0011,2024-09-28,Reddit,BrightBank,New Zealand,4,764,74,The new privacy dashboard gives users much more control over their data and permissions. Anyone else noticed this?,privacy,positive
POST_0028,2024-09-28,App Store,NovaStream,Canada,5,748,71,"When I think about this category, NovaStream is the first brand that comes to mind. It is memorable and easy to recognise. This has been my experience so far.",brand_salience,positive
POST_0033,2024-09-28,Reddit,EcoCart,United Kingdom,4,769,9,Fast response from support and the problem was fixed in one conversation. Anyone else noticed this?,service,positive
POST_0315,2024-10-01,YouTube,NovaStream,New Zealand,5,42,56,"NovaStream has strong awareness in my area, although I am not sure whether people actually prefer it. This has been my experience so far.",brand_salience,neutral
POST_0262,2024-10-01,YouTube,PulseFit,New Zealand,4,74,24,The personalised suggestions from PulseFit are completely wrong for me and the algorithm keeps showing irrelevant things. Overall this matters a lot to me.,personalisation,negative
POST_0406,2024-10-02,Google Play,BrightBank,New Zealand,5,192,56,"There is a new community forum where customers can submit ideas, vote on features and discuss product improvements. Hope they improve it in the next update.",value_co_creation,neutral
POST_0094,2024-10-05,App Store,EcoCart,Canada,4,612,5,I had heard of EcoCart before but never used it. The name is familiar because I have seen several ads. Curious what other users think.,brand_salience,neutral
POST_0327,2024-10-07,Reddit,EcoCart,United Kingdom,3,380,21,The new privacy dashboard gives users much more control over their data and permissions. Overall this matters a lot to me.,privacy,positive
POST_0105,2024-10-09,YouTube,PulseFit,New Zealand,3,2,36,Support took three days to answer and my issue is still unresolved. Really frustrating experience with PulseFit. This has been my experience so far.,service,negative
POST_0133,2024-10-10,YouTube,PulseFit,New Zealand,3,178,14,PulseFit changed its pricing plans this month and introduced a new premium tier. Anyone else noticed this?,price,neutral
POST_0527,2024-10-10,Google Play,EcoCart,United States,4,413,73,Customer support solved my problem quickly and the agent was friendly. Very happy with EcoCart. Curious what other users think.,service,positive
POST_0320,2024-10-10,YouTube,BrightBank,United States,3,728,41,"After the update, BrightBank added a preference section where users can adjust the recommendations they receive. Anyone else noticed this?",personalisation,neutral
POST_0129,2024-10-13,App Store,BrightBank,United Kingdom,2,455,30,The redesign is confusing. Important settings are buried in menus and the app feels harder to use. Overall this matters a lot to me.,usability,negative
POST_0371,2024-10-14,YouTube,PulseFit,New Zealand,3,598,29,Support took three days to answer and my issue is still unresolved. Really frustrating experience with PulseFit. Hope they improve it in the next update.,service,negative
POST_0405,2024-10-14,Google Play,EcoCart,Australia,5,233,17,The beta program makes me feel involved in product development. Our feedback clearly contributes to improvements. Overall this matters a lot to me.,value_co_creation,positive
POST_0174,2024-10-15,App Store,BrightBank,New Zealand,4,165,25,Fast response from support and the problem was fixed in one conversation. Curious what other users think.,service,positive
POST_0151,2024-10-17,YouTube,BrightBank,New Zealand,4,683,39,Users have been requesting this feature for months and BrightBank still ignores the community. Overall this matters a lot to me.,value_co_creation,negative
POST_0515,2024-10-17,YouTube,PulseFit,Canada,3,5,0,I barely remember PulseFit. Nothing about the branding stands out compared with competitors. Curious what other users think.,brand_salience,negative
POST_0035,2024-10-18,Google Play,PulseFit,New Zealand,5,626,67,The new privacy dashboard gives users much more control over their data and permissions. Hope they improve it in the next update.,privacy,positive
POST_0559,2024-10-20,Google Play,PulseFit,Australia,5,503,61,I love how PulseFit recommends content based on my preferences. It feels genuinely personalised and relevant to me. Curious what other users think.,personalisation,positive
POST_0465,2024-10-20,Reddit,EcoCart,United States,5,707,37,EcoCart actually listened to community feedback and added the feature users requested. Great example of customers shaping the product. This has been my experience so far.,value_co_creation,positive
POST_0229,2024-10-21,Google Play,EcoCart,New Zealand,4,404,44,I barely remember EcoCart. Nothing about the branding stands out compared with competitors. Curious what other users think.,brand_salience,negative
POST_0430,2024-10-24,Google Play,NovaStream,New Zealand,4,345,55,The redesign is confusing. Important settings are buried in menus and the app feels harder to use. Overall this matters a lot to me.,usability,negative
POST_0288,2024-10-25,YouTube,BrightBank,Australia,5,572,31,I am uncomfortable with how much data BrightBank collects. I want clearer privacy controls. Hope they improve it in the next update.,privacy,negative
POST_0560,2024-10-26,App Store,NovaStream,Australia,4,193,52,"There is a new community forum where customers can submit ideas, vote on features and discuss product improvements. Anyone else noticed this?",value_co_creation,neutral
POST_0469,2024-10-28,Reddit,PulseFit,Australia,2,177,65,PulseFit changed its pricing plans this month and introduced a new premium tier. Anyone else noticed this?,price,neutral
POST_0121,2024-10-29,YouTube,PulseFit,Canada,2,135,69,Users have been requesting this feature for months and PulseFit still ignores the community. Overall this matters a lot to me.,value_co_creation,negative
POST_0301,2024-10-29,YouTube,BrightBank,Australia,5,747,18,I love how BrightBank recommends content based on my preferences. It feels genuinely personalised and relevant to me.,personalisation,positive
POST_0228,2024-10-31,Reddit,EcoCart,United States,5,500,40,EcoCart keeps asking for customer feedback but nothing changes. It feels like participation is just for show. Overall this matters a lot to me.,value_co_creation,negative
POST_0592,2024-11-05,Reddit,NovaStream,United States,2,322,2,Support took three days to answer and my issue is still unresolved. Really frustrating experience with NovaStream. This has been my experience so far.,service,negative
POST_0051,2024-11-07,YouTube,BrightBank,Canada,5,621,41,"There is a new community forum where customers can submit ideas, vote on features and discuss product improvements. Anyone else noticed this?",value_co_creation,neutral
POST_0044,2024-11-08,Google Play,BrightBank,Australia,5,408,42,BrightBank actually listened to community feedback and added the feature users requested. Great example of customers shaping the product. Anyone else noticed this?,value_co_creation,positive
POST_0081,2024-11-09,Google Play,BrightBank,Australia,5,323,15,Users have been requesting this feature for months and BrightBank still ignores the community. Anyone else noticed this?,value_co_creation,negative
POST_0093,2024-11-10,Reddit,NovaStream,New Zealand,5,449,15,The personalised suggestions from NovaStream are completely wrong for me and the algorithm keeps showing irrelevant things. Overall this matters a lot to me.,personalisation,negative
POST_0380,2024-11-10,App Store,PulseFit,United Kingdom,2,746,0,The redesign is confusing. Important settings are buried in menus and the app feels harder to use. Overall this matters a lot to me.,usability,negative
POST_0360,2024-11-11,App Store,PulseFit,Australia,1,826,38,PulseFit changed its pricing plans this month and introduced a new premium tier. This has been my experience so far.,price,neutral
POST_0331,2024-11-16,YouTube,NovaStream,United States,4,832,17,Good value for money. The features justify the monthly price for me. This has been my experience so far.,price,positive
POST_0197,2024-11-17,App Store,EcoCart,United States,5,26,23,"After the update, EcoCart added a preference section where users can adjust the recommendations they receive. This has been my experience so far.",personalisation,neutral
POST_0279,2024-11-18,Reddit,NovaStream,New Zealand,2,840,50,The new privacy dashboard gives users much more control over their data and permissions. Anyone else noticed this?,privacy,positive
POST_0099,2024-11-18,YouTube,BrightBank,Australia,5,413,65,The recommendations are getting better. BrightBank seems to understand what I like without making the experience complicated. This has been my experience so far.,personalisation,positive
POST_0451,2024-11-19,App Store,BrightBank,Australia,1,422,4,The personalised suggestions from BrightBank are completely wrong for me and the algorithm keeps showing irrelevant things. Hope they improve it in the next update.,personalisation,negative
POST_0111,2024-11-20,App Store,EcoCart,Canada,5,36,8,I am uncomfortable with how much data EcoCart collects. I want clearer privacy controls. Overall this matters a lot to me.,privacy,negative
POST_0337,2024-11-20,Google Play,NovaStream,New Zealand,4,559,22,The campaign was catchy and made NovaStream much easier to recall when I was deciding what to buy. Hope they improve it in the next update.,brand_salience,positive
POST_0192,2024-11-24,Google Play,PulseFit,United Kingdom,5,313,57,Support took three days to answer and my issue is still unresolved. Really frustrating experience with PulseFit.,service,negative
POST_0580,2024-11-24,Reddit,EcoCart,New Zealand,5,194,67,Support took three days to answer and my issue is still unresolved. Really frustrating experience with EcoCart.,service,negative
POST_0428,2024-11-25,YouTube,EcoCart,Australia,5,641,31,Good value for money. The features justify the monthly price for me. Anyone else noticed this?,price,positive
POST_0319,2024-11-27,Reddit,EcoCart,United Kingdom,4,526,12,"EcoCart has strong awareness in my area, although I am not sure whether people actually prefer it. This has been my experience so far.",brand_salience,neutral
POST_0548,2024-11-28,Google Play,EcoCart,Canada,5,457,10,The app remembered my preferences and suggested exactly what I needed. This is the kind of personalisation I want. Curious what other users think.,personalisation,positive
POST_0572,2024-11-28,App Store,PulseFit,United Kingdom,4,405,31,"I like tailored recommendations, but PulseFit seems to track too much information about me. The privacy trade-off worries me. Anyone else noticed this?",personalisation,negative
POST_0113,2024-11-28,YouTube,NovaStream,United Kingdom,4,149,31,The new privacy dashboard gives users much more control over their data and permissions. This has been my experience so far.,privacy,positive
POST_0067,2024-11-30,App Store,PulseFit,United Kingdom,5,431,32,The beta program makes me feel involved in product development. Our feedback clearly contributes to improvements. Hope they improve it in the next update.,value_co_creation,positive
POST_0361,2024-12-01,Reddit,NovaStream,United States,5,405,65,The redesign is confusing. Important settings are buried in menus and the app feels harder to use.,usability,negative
POST_0153,2024-12-01,Google Play,EcoCart,Canada,5,179,16,EcoCart changed its pricing plans this month and introduced a new premium tier.,price,neutral
POST_0490,2024-12-02,App Store,BrightBank,United Kingdom,5,156,72,The beta program makes me feel involved in product development. Our feedback clearly contributes to improvements. Overall this matters a lot to me.,value_co_creation,positive
POST_0567,2024-12-04,YouTube,BrightBank,Australia,3,401,9,Users have been requesting this feature for months and BrightBank still ignores the community. Anyone else noticed this?,value_co_creation,negative
POST_0474,2024-12-05,Google Play,PulseFit,United States,5,633,67,I enjoy participating in the PulseFit community because users share ideas and the company responds to suggestions. This has been my experience so far.,value_co_creation,positive
POST_0376,2024-12-05,YouTube,BrightBank,United States,3,181,41,The campaign was catchy and made BrightBank much easier to recall when I was deciding what to buy. Anyone else noticed this?,brand_salience,positive
POST_0299,2024-12-05,App Store,NovaStream,Australia,1,227,65,The app remembered my preferences and suggested exactly what I needed. This is the kind of personalisation I want.,personalisation,positive
POST_0167,2024-12-07,Reddit,EcoCart,United States,5,317,50,"There is a new community forum where customers can submit ideas, vote on features and discuss product improvements. Curious what other users think.",value_co_creation,neutral
POST_0292,2024-12-08,App Store,EcoCart,New Zealand,2,328,25,"The new interface is clean, simple and much easier to navigate than the previous version. Overall this matters a lot to me.",usability,positive
POST_0546,2024-12-08,App Store,NovaStream,United Kingdom,4,829,32,The redesign is confusing. Important settings are buried in menus and the app feels harder to use. This has been my experience so far.,usability,negative
POST_0378,2024-12-10,YouTube,BrightBank,United States,5,749,55,Users have been requesting this feature for months and BrightBank still ignores the community. This has been my experience so far.,value_co_creation,negative
POST_0148,2024-12-15,App Store,BrightBank,United Kingdom,5,795,72,"When I think about this category, BrightBank is the first brand that comes to mind. It is memorable and easy to recognise. This has been my experience so far.",brand_salience,positive
POST_0164,2024-12-17,YouTube,BrightBank,New Zealand,5,40,31,The recommendations are getting better. BrightBank seems to understand what I like without making the experience complicated.,personalisation,positive
POST_0325,2024-12-17,App Store,PulseFit,Australia,1,802,58,Customer support solved my problem quickly and the agent was friendly. Very happy with PulseFit.,service,positive
POST_0411,2024-12-18,Google Play,BrightBank,Australia,3,395,6,I am uncomfortable with how much data BrightBank collects. I want clearer privacy controls. This has been my experience so far.,privacy,negative
POST_0073,2024-12-21,YouTube,NovaStream,United Kingdom,1,663,43,I am uncomfortable with how much data NovaStream collects. I want clearer privacy controls. Hope they improve it in the next update.,privacy,negative
POST_0177,2024-12-23,App Store,PulseFit,Australia,4,382,30,The personalised suggestions from PulseFit are completely wrong for me and the algorithm keeps showing irrelevant things. Hope they improve it in the next update.,personalisation,negative
POST_0158,2024-12-23,Reddit,NovaStream,United States,3,149,32,The personalised suggestions from NovaStream are completely wrong for me and the algorithm keeps showing irrelevant things. Overall this matters a lot to me.,personalisation,negative
POST_0045,2024-12-25,Google Play,NovaStream,Canada,5,549,42,NovaStream keeps asking for customer feedback but nothing changes. It feels like participation is just for show. Curious what other users think.,value_co_creation,negative
POST_0334,2024-12-25,App Store,NovaStream,United States,3,660,10,"After the update, NovaStream added a preference section where users can adjust the recommendations they receive. This has been my experience so far.",personalisation,neutral
POST_0077,2024-12-29,Reddit,BrightBank,United Kingdom,5,718,35,The app remembered my preferences and suggested exactly what I needed. This is the kind of personalisation I want. This has been my experience so far.,personalisation,positive
POST_0373,2024-12-29,App Store,PulseFit,United States,4,825,45,PulseFit changed its pricing plans this month and introduced a new premium tier. Anyone else noticed this?,price,neutral
POST_0591,2025-01-03,Google Play,BrightBank,Canada,1,35,36,BrightBank actually listened to community feedback and added the feature users requested. Great example of customers shaping the product. Hope they improve it in the next update.,value_co_creation,positive
POST_0285,2025-01-04,Google Play,BrightBank,Australia,5,455,46,Good value for money. The features justify the monthly price for me.,price,positive
POST_0217,2025-01-06,Reddit,NovaStream,Australia,4,461,70,"When I think about this category, NovaStream is the first brand that comes to mind. It is memorable and easy to recognise. This has been my experience so far.",brand_salience,positive
POST_0017,2025-01-06,YouTube,NovaStream,Australia,3,580,10,I barely remember NovaStream. Nothing about the branding stands out compared with competitors. Anyone else noticed this?,brand_salience,negative
POST_0453,2025-01-07,Google Play,BrightBank,Canada,3,785,60,The latest update crashes constantly and customer service keeps sending generic responses. Anyone else noticed this?,service,negative
POST_0307,2025-01-09,Reddit,NovaStream,Canada,1,686,62,Customer support solved my problem quickly and the agent was friendly. Very happy with NovaStream. Anyone else noticed this?,service,positive
POST_0191,2025-01-11,App Store,BrightBank,Australia,5,80,55,The app remembered my preferences and suggested exactly what I needed. This is the kind of personalisation I want. This has been my experience so far.,personalisation,positive
POST_0344,2025-01-15,Reddit,EcoCart,United Kingdom,5,120,3,"The new interface is clean, simple and much easier to navigate than the previous version. Overall this matters a lot to me.",usability,positive
POST_0016,2025-01-17,Reddit,PulseFit,New Zealand,5,613,41,Support took three days to answer and my issue is still unresolved. Really frustrating experience with PulseFit. Curious what other users think.,service,negative
POST_0300,2025-01-18,App Store,PulseFit,New Zealand,5,154,44,Good value for money. The features justify the monthly price for me. Hope they improve it in the next update.,price,positive
POST_0516,2025-01-19,YouTube,NovaStream,United Kingdom,4,109,19,Customer support solved my problem quickly and the agent was friendly. Very happy with NovaStream. Anyone else noticed this?,service,positive
POST_0502,2025-01-20,Google Play,NovaStream,Canada,3,353,62,Customer support solved my problem quickly and the agent was friendly. Very happy with NovaStream. Curious what other users think.,service,positive
POST_0510,2025-01-22,Reddit,NovaStream,Australia,1,535,64,I had heard of NovaStream before but never used it. The name is familiar because I have seen several ads. Anyone else noticed this?,brand_salience,neutral
POST_0007,2025-01-24,YouTube,PulseFit,United Kingdom,2,363,26,The personalised suggestions from PulseFit are completely wrong for me and the algorithm keeps showing irrelevant things. Hope they improve it in the next update.,personalisation,negative
POST_0250,2025-01-26,Google Play,BrightBank,Canada,1,677,69,BrightBank changed its pricing plans this month and introduced a new premium tier. Hope they improve it in the next update.,price,neutral
POST_0348,2025-01-27,Google Play,BrightBank,Australia,4,731,53,The recommendations are getting better. BrightBank seems to understand what I like without making the experience complicated. Anyone else noticed this?,personalisation,positive
POST_0117,2025-01-28,Reddit,EcoCart,United States,4,367,73,I had heard of EcoCart before but never used it. The name is familiar because I have seen several ads.,brand_salience,neutral
POST_0384,2025-01-30,YouTube,NovaStream,Canada,5,423,63,Good value for money. The features justify the monthly price for me. Overall this matters a lot to me.,price,positive
POST_0521,2025-02-02,Reddit,NovaStream,Australia,5,482,55,"The new interface is clean, simple and much easier to navigate than the previous version.",usability,positive
POST_0570,2025-02-02,App Store,PulseFit,United Kingdom,2,745,5,Fast response from support and the problem was fixed in one conversation. This has been my experience so far.,service,positive
POST_0496,2025-02-05,Google Play,PulseFit,United Kingdom,2,513,65,The latest update crashes constantly and customer service keeps sending generic responses. Curious what other users think.,service,negative
POST_0294,2025-02-06,Google Play,BrightBank,New Zealand,2,558,23,The beta program makes me feel involved in product development. Our feedback clearly contributes to improvements.,value_co_creation,positive
POST_0538,2025-02-07,Google Play,NovaStream,Canada,5,715,66,"NovaStream has strong awareness in my area, although I am not sure whether people actually prefer it. Anyone else noticed this?",brand_salience,neutral
POST_0248,2025-02-09,YouTube,EcoCart,United States,4,46,54,Fast response from support and the problem was fixed in one conversation.,service,positive
POST_0157,2025-02-09,YouTube,BrightBank,United Kingdom,3,797,21,Customer support solved my problem quickly and the agent was friendly. Very happy with BrightBank. Overall this matters a lot to me.,service,positive
POST_0275,2025-02-10,Google Play,EcoCart,Canada,4,249,28,EcoCart keeps asking for customer feedback but nothing changes. It feels like participation is just for show. This has been my experience so far.,value_co_creation,negative
POST_0293,2025-02-11,Reddit,EcoCart,Canada,5,800,31,I barely remember EcoCart. Nothing about the branding stands out compared with competitors. This has been my experience so far.,brand_salience,negative
POST_0450,2025-02-16,App Store,PulseFit,Canada,4,586,57,The campaign was catchy and made PulseFit much easier to recall when I was deciding what to buy.,brand_salience,positive
POST_0427,2025-02-17,App Store,BrightBank,Canada,1,546,25,"After the update, BrightBank added a preference section where users can adjust the recommendations they receive. Hope they improve it in the next update.",personalisation,neutral
POST_0528,2025-02-20,Reddit,EcoCart,New Zealand,1,301,43,I love how EcoCart recommends content based on my preferences. It feels genuinely personalised and relevant to me.,personalisation,positive
POST_0027,2025-02-20,Reddit,PulseFit,United States,5,60,21,The personalised suggestions from PulseFit are completely wrong for me and the algorithm keeps showing irrelevant things. Hope they improve it in the next update.,personalisation,negative
POST_0023,2025-02-20,App Store,PulseFit,Australia,5,362,54,I barely remember PulseFit. Nothing about the branding stands out compared with competitors.,brand_salience,negative
POST_0090,2025-02-22,YouTube,PulseFit,New Zealand,4,33,29,The personalised suggestions from PulseFit are completely wrong for me and the algorithm keeps showing irrelevant things. Overall this matters a lot to me.,personalisation,negative
POST_0259,2025-02-22,App Store,EcoCart,Canada,2,550,60,"The new interface is clean, simple and much easier to navigate than the previous version. This has been my experience so far.",usability,positive
POST_0203,2025-02-23,App Store,BrightBank,United States,5,657,9,"When I think about this category, BrightBank is the first brand that comes to mind. It is memorable and easy to recognise.",brand_salience,positive
POST_0225,2025-02-24,Reddit,BrightBank,Canada,5,753,7,"After the update, BrightBank added a preference section where users can adjust the recommendations they receive. Curious what other users think.",personalisation,neutral
POST_0172,2025-02-24,YouTube,BrightBank,United States,5,625,36,Good value for money. The features justify the monthly price for me. Overall this matters a lot to me.,price,positive
POST_0143,2025-02-24,YouTube,EcoCart,Canada,5,738,6,Customer support solved my problem quickly and the agent was friendly. Very happy with EcoCart. Overall this matters a lot to me.,service,positive
POST_0333,2025-02-25,Reddit,PulseFit,Canada,5,88,12,Good value for money. The features justify the monthly price for me. Overall this matters a lot to me.,price,positive
POST_0098,2025-02-25,Google Play,PulseFit,United Kingdom,5,410,70,I am uncomfortable with how much data PulseFit collects. I want clearer privacy controls. Hope they improve it in the next update.,privacy,negative
POST_0461,2025-02-26,Reddit,PulseFit,New Zealand,3,718,70,I had heard of PulseFit before but never used it. The name is familiar because I have seen several ads. Overall this matters a lot to me.,brand_salience,neutral
POST_0531,2025-02-26,Google Play,PulseFit,New Zealand,1,269,31,Fast response from support and the problem was fixed in one conversation. Curious what other users think.,service,positive
POST_0100,2025-02-27,App Store,NovaStream,New Zealand,3,774,63,The redesign is confusing. Important settings are buried in menus and the app feels harder to use. Anyone else noticed this?,usability,negative
POST_0401,2025-02-28,YouTube,BrightBank,New Zealand,4,776,12,The campaign was catchy and made BrightBank much easier to recall when I was deciding what to buy. Anyone else noticed this?,brand_salience,positive
POST_0061,2025-02-28,YouTube,PulseFit,New Zealand,4,63,26,The subscription price is too high now. PulseFit is becoming expensive compared with alternatives. This has been my experience so far.,price,negative
POST_0457,2025-02-28,YouTube,EcoCart,New Zealand,2,461,58,The subscription price is too high now. EcoCart is becoming expensive compared with alternatives. Overall this matters a lot to me.,price,negative
POST_0349,2025-03-02,Reddit,EcoCart,United Kingdom,5,585,47,I enjoy participating in the EcoCart community because users share ideas and the company responds to suggestions. This has been my experience so far.,value_co_creation,positive
POST_0310,2025-03-04,App Store,PulseFit,New Zealand,4,190,62,Users have been requesting this feature for months and PulseFit still ignores the community. Anyone else noticed this?,value_co_creation,negative
POST_0436,2025-03-04,Reddit,EcoCart,New Zealand,1,116,13,Fast response from support and the problem was fixed in one conversation. Curious what other users think.,service,positive
POST_0032,2025-03-05,YouTube,NovaStream,New Zealand,4,267,26,Customer support solved my problem quickly and the agent was friendly. Very happy with NovaStream. Curious what other users think.,service,positive
POST_0290,2025-03-07,Google Play,BrightBank,Australia,3,252,63,The app remembered my preferences and suggested exactly what I needed. This is the kind of personalisation I want. Hope they improve it in the next update.,personalisation,positive
POST_0330,2025-03-08,YouTube,EcoCart,Canada,1,392,11,I love how EcoCart recommends content based on my preferences. It feels genuinely personalised and relevant to me. Anyone else noticed this?,personalisation,positive
POST_0414,2025-03-09,Google Play,EcoCart,Canada,3,477,38,Support took three days to answer and my issue is still unresolved. Really frustrating experience with EcoCart. This has been my experience so far.,service,negative
POST_0541,2025-03-10,App Store,PulseFit,United Kingdom,3,410,35,Users have been requesting this feature for months and PulseFit still ignores the community. Hope they improve it in the next update.,value_co_creation,negative
POST_0391,2025-03-13,YouTube,EcoCart,New Zealand,4,99,3,The recommendations are getting better. EcoCart seems to understand what I like without making the experience complicated. This has been my experience so far.,personalisation,positive
POST_0141,2025-03-13,Google Play,NovaStream,United Kingdom,4,156,60,I see NovaStream everywhere lately. The logo and advertising are distinctive and I immediately recognise the brand. Overall this matters a lot to me.,brand_salience,positive
POST_0470,2025-03-14,YouTube,BrightBank,United Kingdom,2,598,32,"I like tailored recommendations, but BrightBank seems to track too much information about me. The privacy trade-off worries me. Curious what other users think.",personalisation,negative
POST_0491,2025-03-14,Google Play,EcoCart,United Kingdom,3,226,55,Customer support solved my problem quickly and the agent was friendly. Very happy with EcoCart.,service,positive
POST_0140,2025-03-16,Reddit,NovaStream,Canada,3,464,51,"The new interface is clean, simple and much easier to navigate than the previous version. Anyone else noticed this?",usability,positive
POST_0388,2025-03-17,YouTube,BrightBank,New Zealand,5,160,6,Support took three days to answer and my issue is still unresolved. Really frustrating experience with BrightBank. Anyone else noticed this?,service,negative
POST_0216,2025-03-17,YouTube,NovaStream,United Kingdom,5,374,5,"There is a new community forum where customers can submit ideas, vote on features and discuss product improvements. This has been my experience so far.",value_co_creation,neutral
POST_0599,2025-03-18,Reddit,NovaStream,United States,2,84,60,The campaign was catchy and made NovaStream much easier to recall when I was deciding what to buy. Hope they improve it in the next update.,brand_salience,positive
POST_0481,2025-03-19,App Store,BrightBank,Canada,5,547,0,"When I think about this category, BrightBank is the first brand that comes to mind. It is memorable and easy to recognise.",brand_salience,positive
POST_0342,2025-03-20,YouTube,PulseFit,New Zealand,4,316,22,The recommendations are getting better. PulseFit seems to understand what I like without making the experience complicated. Hope they improve it in the next update.,personalisation,positive
POST_0190,2025-03-23,Google Play,NovaStream,Canada,5,395,43,NovaStream keeps asking for customer feedback but nothing changes. It feels like participation is just for show. Overall this matters a lot to me.,value_co_creation,negative
POST_0483,2025-03-24,Google Play,NovaStream,Australia,4,546,28,Support took three days to answer and my issue is still unresolved. Really frustrating experience with NovaStream. Hope they improve it in the next update.,service,negative
POST_0317,2025-03-25,YouTube,EcoCart,United States,5,602,44,EcoCart keeps asking for customer feedback but nothing changes. It feels like participation is just for show. Anyone else noticed this?,value_co_creation,negative
POST_0255,2025-03-25,App Store,NovaStream,United States,5,794,7,I enjoy participating in the NovaStream community because users share ideas and the company responds to suggestions. Curious what other users think.,value_co_creation,positive
POST_0109,2025-03-26,YouTube,EcoCart,Canada,1,147,52,The campaign was catchy and made EcoCart much easier to recall when I was deciding what to buy. Curious what other users think.,brand_salience,positive
POST_0326,2025-03-27,Reddit,NovaStream,Canada,2,705,16,I love how NovaStream recommends content based on my preferences. It feels genuinely personalised and relevant to me.,personalisation,positive
POST_0558,2025-03-28,YouTube,PulseFit,Canada,3,310,1,"PulseFit has strong awareness in my area, although I am not sure whether people actually prefer it. This has been my experience so far.",brand_salience,neutral
POST_0088,2025-03-29,App Store,BrightBank,Canada,3,635,7,BrightBank changed its pricing plans this month and introduced a new premium tier. Curious what other users think.,price,neutral
POST_0555,2025-03-29,Google Play,PulseFit,United States,4,174,3,I enjoy participating in the PulseFit community because users share ideas and the company responds to suggestions. Anyone else noticed this?,value_co_creation,positive
POST_0026,2025-03-29,YouTube,PulseFit,Australia,5,553,1,I had heard of PulseFit before but never used it. The name is familiar because I have seen several ads.,brand_salience,neutral
POST_0551,2025-03-31,Google Play,BrightBank,New Zealand,4,461,52,Support took three days to answer and my issue is still unresolved. Really frustrating experience with BrightBank. Overall this matters a lot to me.,service,negative
POST_0079,2025-04-03,App Store,BrightBank,United Kingdom,3,708,31,The subscription price is too high now. BrightBank is becoming expensive compared with alternatives.,price,negative
POST_0297,2025-04-04,YouTube,BrightBank,New Zealand,4,518,53,"The new interface is clean, simple and much easier to navigate than the previous version. Hope they improve it in the next update.",usability,positive
POST_0398,2025-04-04,YouTube,PulseFit,United States,5,129,5,Fast response from support and the problem was fixed in one conversation. Anyone else noticed this?,service,positive
POST_0003,2025-04-04,Reddit,BrightBank,Australia,5,163,54,BrightBank actually listened to community feedback and added the feature users requested. Great example of customers shaping the product. This has been my experience so far.,value_co_creation,positive
POST_0466,2025-04-08,Google Play,NovaStream,New Zealand,5,760,71,NovaStream actually listened to community feedback and added the feature users requested. Great example of customers shaping the product. Curious what other users think.,value_co_creation,positive
POST_0358,2025-04-08,Google Play,EcoCart,Australia,5,139,74,The subscription price is too high now. EcoCart is becoming expensive compared with alternatives. Anyone else noticed this?,price,negative
POST_0579,2025-04-09,Google Play,EcoCart,New Zealand,4,189,2,The redesign is confusing. Important settings are buried in menus and the app feels harder to use. Overall this matters a lot to me.,usability,negative
POST_0302,2025-04-11,Google Play,EcoCart,Canada,3,99,56,Users have been requesting this feature for months and EcoCart still ignores the community. Curious what other users think.,value_co_creation,negative
POST_0443,2025-04-12,App Store,BrightBank,Canada,5,664,21,"I like tailored recommendations, but BrightBank seems to track too much information about me. The privacy trade-off worries me. Hope they improve it in the next update.",personalisation,negative
POST_0115,2025-04-17,Reddit,PulseFit,Canada,3,9,59,I barely remember PulseFit. Nothing about the branding stands out compared with competitors. This has been my experience so far.,brand_salience,negative
POST_0252,2025-04-19,Google Play,NovaStream,New Zealand,4,388,29,NovaStream changed its pricing plans this month and introduced a new premium tier. Overall this matters a lot to me.,price,neutral
POST_0440,2025-04-20,Google Play,EcoCart,United States,5,297,46,I had heard of EcoCart before but never used it. The name is familiar because I have seen several ads.,brand_salience,neutral
POST_0352,2025-04-20,Reddit,EcoCart,Canada,5,794,25,"The new interface is clean, simple and much easier to navigate than the previous version. Curious what other users think.",usability,positive
POST_0076,2025-04-20,Reddit,BrightBank,Canada,3,506,41,BrightBank keeps asking for customer feedback but nothing changes. It feels like participation is just for show. Curious what other users think.,value_co_creation,negative
POST_0070,2025-04-21,Reddit,NovaStream,United Kingdom,2,621,14,I barely remember NovaStream. Nothing about the branding stands out compared with competitors. This has been my experience so far.,brand_salience,negative
POST_0075,2025-04-21,App Store,EcoCart,New Zealand,3,251,11,Good value for money. The features justify the monthly price for me. Overall this matters a lot to me.,price,positive
POST_0265,2025-04-22,App Store,EcoCart,United Kingdom,3,368,65,The beta program makes me feel involved in product development. Our feedback clearly contributes to improvements. Overall this matters a lot to me.,value_co_creation,positive
POST_0202,2025-04-23,Google Play,EcoCart,New Zealand,5,67,39,I love how EcoCart recommends content based on my preferences. It feels genuinely personalised and relevant to me. Anyone else noticed this?,personalisation,positive
POST_0500,2025-04-25,App Store,EcoCart,Australia,5,331,13,The campaign was catchy and made EcoCart much easier to recall when I was deciding what to buy.,brand_salience,positive
POST_0110,2025-04-25,YouTube,PulseFit,New Zealand,5,665,10,I am uncomfortable with how much data PulseFit collects. I want clearer privacy controls. This has been my experience so far.,privacy,negative
POST_0085,2025-04-25,Google Play,NovaStream,United Kingdom,2,52,32,"I like tailored recommendations, but NovaStream seems to track too much information about me. The privacy trade-off worries me. Hope they improve it in the next update.",personalisation,negative
POST_0556,2025-05-02,Google Play,EcoCart,United Kingdom,4,138,69,The recommendations are getting better. EcoCart seems to understand what I like without making the experience complicated. Curious what other users think.,personalisation,positive
POST_0571,2025-05-07,Google Play,NovaStream,United States,3,53,27,Good value for money. The features justify the monthly price for me. This has been my experience so far.,price,positive
POST_0512,2025-05-08,YouTube,NovaStream,New Zealand,4,1,55,The new privacy dashboard gives users much more control over their data and permissions. Anyone else noticed this?,privacy,positive
POST_0104,2025-05-09,App Store,EcoCart,Canada,4,392,24,The subscription price is too high now. EcoCart is becoming expensive compared with alternatives. Anyone else noticed this?,price,negative
POST_0312,2025-05-11,YouTube,EcoCart,Canada,5,517,63,I am uncomfortable with how much data EcoCart collects. I want clearer privacy controls. Anyone else noticed this?,privacy,negative
POST_0064,2025-05-12,App Store,EcoCart,United Kingdom,5,817,51,I enjoy participating in the EcoCart community because users share ideas and the company responds to suggestions. Hope they improve it in the next update.,value_co_creation,positive
POST_0477,2025-05-13,App Store,EcoCart,United States,3,84,12,The redesign is confusing. Important settings are buried in menus and the app feels harder to use. This has been my experience so far.,usability,negative
POST_0425,2025-05-14,YouTube,PulseFit,United States,3,59,0,The beta program makes me feel involved in product development. Our feedback clearly contributes to improvements. Overall this matters a lot to me.,value_co_creation,positive
POST_0499,2025-05-14,Reddit,NovaStream,United Kingdom,3,43,26,Users have been requesting this feature for months and NovaStream still ignores the community.,value_co_creation,negative
POST_0575,2025-05-14,Reddit,NovaStream,New Zealand,5,774,44,"The new interface is clean, simple and much easier to navigate than the previous version. This has been my experience so far.",usability,positive
POST_0269,2025-05-15,Google Play,EcoCart,Canada,4,750,45,"EcoCart has strong awareness in my area, although I am not sure whether people actually prefer it. Overall this matters a lot to me.",brand_salience,neutral
POST_0311,2025-05-16,Reddit,PulseFit,United States,3,461,6,The latest update crashes constantly and customer service keeps sending generic responses. Anyone else noticed this?,service,negative
POST_0321,2025-05-16,App Store,PulseFit,United Kingdom,4,384,57,The redesign is confusing. Important settings are buried in menus and the app feels harder to use. Curious what other users think.,usability,negative
POST_0431,2025-05-16,Google Play,PulseFit,United States,5,831,51,The new privacy dashboard gives users much more control over their data and permissions. Anyone else noticed this?,privacy,positive
POST_0375,2025-05-17,Reddit,EcoCart,Australia,3,224,2,"EcoCart has strong awareness in my area, although I am not sure whether people actually prefer it.",brand_salience,neutral
POST_0127,2025-05-19,Google Play,NovaStream,United States,5,138,49,The recommendations are getting better. NovaStream seems to understand what I like without making the experience complicated.,personalisation,positive
POST_0336,2025-05-21,Reddit,NovaStream,United States,4,608,9,"There is a new community forum where customers can submit ideas, vote on features and discuss product improvements.",value_co_creation,neutral
POST_0368,2025-05-25,Google Play,PulseFit,Canada,1,286,49,The recommendations are getting better. PulseFit seems to understand what I like without making the experience complicated. Curious what other users think.,personalisation,positive
POST_0346,2025-05-26,YouTube,EcoCart,United Kingdom,2,791,13,The campaign was catchy and made EcoCart much easier to recall when I was deciding what to buy. Anyone else noticed this?,brand_salience,positive
POST_0277,2025-05-26,YouTube,PulseFit,United Kingdom,4,97,67,The subscription price is too high now. PulseFit is becoming expensive compared with alternatives. Overall this matters a lot to me.,price,negative
POST_0281,2025-05-27,YouTube,PulseFit,Australia,1,237,9,"When I think about this category, PulseFit is the first brand that comes to mind. It is memorable and easy to recognise. This has been my experience so far.",brand_salience,positive
POST_0015,2025-05-27,Google Play,NovaStream,Australia,5,305,64,I had heard of NovaStream before but never used it. The name is familiar because I have seen several ads. Curious what other users think.,brand_salience,neutral
POST_0503,2025-05-28,YouTube,BrightBank,United States,3,526,35,"The new interface is clean, simple and much easier to navigate than the previous version. Hope they improve it in the next update.",usability,positive
POST_0497,2025-05-29,Google Play,BrightBank,United States,5,825,21,The personalised suggestions from BrightBank are completely wrong for me and the algorithm keeps showing irrelevant things. Overall this matters a lot to me.,personalisation,negative
POST_0136,2025-05-30,App Store,NovaStream,Australia,5,674,66,The campaign was catchy and made NovaStream much easier to recall when I was deciding what to buy. Curious what other users think.,brand_salience,positive
POST_0237,2025-05-31,Reddit,BrightBank,United States,5,338,20,I had heard of BrightBank before but never used it. The name is familiar because I have seen several ads. This has been my experience so far.,brand_salience,neutral
POST_0473,2025-06-01,YouTube,PulseFit,New Zealand,4,94,44,I enjoy participating in the PulseFit community because users share ideas and the company responds to suggestions. Hope they improve it in the next update.,value_co_creation,positive
POST_0161,2025-06-03,Google Play,NovaStream,Canada,4,58,47,Customer support solved my problem quickly and the agent was friendly. Very happy with NovaStream. This has been my experience so far.,service,positive
POST_0201,2025-06-04,Google Play,PulseFit,United States,5,242,63,The subscription price is too high now. PulseFit is becoming expensive compared with alternatives.,price,negative
POST_0239,2025-06-11,App Store,BrightBank,Canada,5,189,17,The app remembered my preferences and suggested exactly what I needed. This is the kind of personalisation I want.,personalisation,positive
POST_0214,2025-06-11,App Store,PulseFit,United Kingdom,4,92,50,PulseFit actually listened to community feedback and added the feature users requested. Great example of customers shaping the product. Hope they improve it in the next update.,value_co_creation,positive
POST_0053,2025-06-11,Google Play,NovaStream,New Zealand,3,838,30,Fast response from support and the problem was fixed in one conversation. Overall this matters a lot to me.,service,positive
POST_0322,2025-06-11,App Store,NovaStream,United Kingdom,4,499,41,The personalised suggestions from NovaStream are completely wrong for me and the algorithm keeps showing irrelevant things. This has been my experience so far.,personalisation,negative
POST_0407,2025-06-12,App Store,BrightBank,New Zealand,5,67,39,BrightBank actually listened to community feedback and added the feature users requested. Great example of customers shaping the product.,value_co_creation,positive
POST_0304,2025-06-12,Reddit,PulseFit,United States,3,436,59,Fast response from support and the problem was fixed in one conversation. Curious what other users think.,service,positive
POST_0562,2025-06-13,Reddit,BrightBank,United Kingdom,3,760,68,The personalised suggestions from BrightBank are completely wrong for me and the algorithm keeps showing irrelevant things. Overall this matters a lot to me.,personalisation,negative
POST_0205,2025-06-14,YouTube,NovaStream,United States,2,726,28,The campaign was catchy and made NovaStream much easier to recall when I was deciding what to buy. This has been my experience so far.,brand_salience,positive
POST_0447,2025-06-15,Google Play,PulseFit,New Zealand,1,677,31,PulseFit changed its pricing plans this month and introduced a new premium tier. Overall this matters a lot to me.,price,neutral
POST_0048,2025-06-16,YouTube,BrightBank,United States,3,71,42,The recommendations are getting better. BrightBank seems to understand what I like without making the experience complicated. Overall this matters a lot to me.,personalisation,positive
POST_0396,2025-06-19,App Store,NovaStream,Canada,4,241,60,I enjoy participating in the NovaStream community because users share ideas and the company responds to suggestions. Curious what other users think.,value_co_creation,positive
POST_0408,2025-06-20,Reddit,BrightBank,United States,2,205,7,The subscription price is too high now. BrightBank is becoming expensive compared with alternatives.,price,negative
POST_0345,2025-06-20,Google Play,BrightBank,New Zealand,4,508,58,The beta program makes me feel involved in product development. Our feedback clearly contributes to improvements. This has been my experience so far.,value_co_creation,positive
POST_0557,2025-06-20,App Store,BrightBank,New Zealand,3,355,61,The app remembered my preferences and suggested exactly what I needed. This is the kind of personalisation I want. Overall this matters a lot to me.,personalisation,positive
POST_0165,2025-06-20,App Store,BrightBank,United States,3,289,49,The subscription price is too high now. BrightBank is becoming expensive compared with alternatives. Curious what other users think.,price,negative
POST_0135,2025-06-22,App Store,PulseFit,Australia,4,796,46,The recommendations are getting better. PulseFit seems to understand what I like without making the experience complicated. Overall this matters a lot to me.,personalisation,positive
POST_0583,2025-06-22,App Store,BrightBank,New Zealand,3,375,28,The recommendations are getting better. BrightBank seems to understand what I like without making the experience complicated. Overall this matters a lot to me.,personalisation,positive
POST_0184,2025-06-22,YouTube,EcoCart,New Zealand,4,399,60,The campaign was catchy and made EcoCart much easier to recall when I was deciding what to buy. Curious what other users think.,brand_salience,positive
POST_0332,2025-06-27,YouTube,PulseFit,New Zealand,5,450,44,The latest update crashes constantly and customer service keeps sending generic responses.,service,negative
POST_0018,2025-06-29,YouTube,BrightBank,Canada,5,169,33,The personalised suggestions from BrightBank are completely wrong for me and the algorithm keeps showing irrelevant things. Anyone else noticed this?,personalisation,negative
POST_0173,2025-06-30,Reddit,BrightBank,Canada,5,198,47,BrightBank changed its pricing plans this month and introduced a new premium tier. This has been my experience so far.,price,neutral
POST_0589,2025-06-30,Reddit,EcoCart,United Kingdom,5,563,41,"When I think about this category, EcoCart is the first brand that comes to mind. It is memorable and easy to recognise. Hope they improve it in the next update.",brand_salience,positive
POST_0402,2025-07-02,Google Play,NovaStream,United Kingdom,4,497,73,"I like tailored recommendations, but NovaStream seems to track too much information about me. The privacy trade-off worries me. Hope they improve it in the next update.",personalisation,negative
POST_0517,2025-07-02,Google Play,EcoCart,United Kingdom,4,696,50,I see EcoCart everywhere lately. The logo and advertising are distinctive and I immediately recognise the brand. Curious what other users think.,brand_salience,positive
POST_0063,2025-07-05,App Store,BrightBank,New Zealand,5,225,62,"There is a new community forum where customers can submit ideas, vote on features and discuss product improvements. Overall this matters a lot to me.",value_co_creation,neutral
POST_0019,2025-07-06,Reddit,BrightBank,United States,5,408,47,The campaign was catchy and made BrightBank much easier to recall when I was deciding what to buy. Overall this matters a lot to me.,brand_salience,positive
POST_0060,2025-07-07,Google Play,EcoCart,United States,3,710,19,EcoCart keeps asking for customer feedback but nothing changes. It feels like participation is just for show. Anyone else noticed this?,value_co_creation,negative
POST_0577,2025-07-09,Google Play,BrightBank,United States,4,556,44,I barely remember BrightBank. Nothing about the branding stands out compared with competitors. Hope they improve it in the next update.,brand_salience,negative
POST_0385,2025-07-13,Google Play,BrightBank,Canada,5,591,28,The new privacy dashboard gives users much more control over their data and permissions.,privacy,positive
POST_0245,2025-07-14,YouTube,NovaStream,New Zealand,4,168,41,The personalised suggestions from NovaStream are completely wrong for me and the algorithm keeps showing irrelevant things. Anyone else noticed this?,personalisation,negative
POST_0058,2025-07-15,App Store,BrightBank,Canada,4,769,31,BrightBank changed its pricing plans this month and introduced a new premium tier. Anyone else noticed this?,price,neutral
POST_0540,2025-07-15,Reddit,EcoCart,United Kingdom,4,627,43,Support took three days to answer and my issue is still unresolved. Really frustrating experience with EcoCart. Anyone else noticed this?,service,negative
POST_0518,2025-07-19,App Store,PulseFit,United States,4,568,61,PulseFit changed its pricing plans this month and introduced a new premium tier. Hope they improve it in the next update.,price,neutral
POST_0400,2025-07-19,App Store,BrightBank,New Zealand,4,12,75,The personalised suggestions from BrightBank are completely wrong for me and the algorithm keeps showing irrelevant things. This has been my experience so far.,personalisation,negative
POST_0080,2025-07-20,App Store,EcoCart,Canada,5,563,42,"There is a new community forum where customers can submit ideas, vote on features and discuss product improvements. This has been my experience so far.",value_co_creation,neutral
POST_0258,2025-07-23,App Store,PulseFit,United Kingdom,5,687,48,Customer support solved my problem quickly and the agent was friendly. Very happy with PulseFit.,service,positive
POST_0145,2025-07-23,Google Play,NovaStream,United Kingdom,4,826,54,I am uncomfortable with how much data NovaStream collects. I want clearer privacy controls.,privacy,negative
POST_0168,2025-07-26,Google Play,NovaStream,United Kingdom,5,686,67,"After the update, NovaStream added a preference section where users can adjust the recommendations they receive. Overall this matters a lot to me.",personalisation,neutral
POST_0039,2025-07-28,App Store,BrightBank,Australia,5,707,19,Good value for money. The features justify the monthly price for me.,price,positive
POST_0226,2025-07-28,Reddit,PulseFit,Canada,4,321,22,The subscription price is too high now. PulseFit is becoming expensive compared with alternatives. Overall this matters a lot to me.,price,negative
POST_0280,2025-07-31,Reddit,EcoCart,Canada,5,553,42,The personalised suggestions from EcoCart are completely wrong for me and the algorithm keeps showing irrelevant things. Curious what other users think.,personalisation,negative
POST_0370,2025-08-02,Google Play,BrightBank,Canada,3,26,40,I barely remember BrightBank. Nothing about the branding stands out compared with competitors. This has been my experience so far.,brand_salience,negative
POST_0374,2025-08-04,Google Play,NovaStream,New Zealand,5,829,63,Customer support solved my problem quickly and the agent was friendly. Very happy with NovaStream. Anyone else noticed this?,service,positive
POST_0587,2025-08-06,Reddit,PulseFit,New Zealand,5,425,13,PulseFit actually listened to community feedback and added the feature users requested. Great example of customers shaping the product. Anyone else noticed this?,value_co_creation,positive
POST_0163,2025-08-08,App Store,NovaStream,United Kingdom,4,513,19,"NovaStream has strong awareness in my area, although I am not sure whether people actually prefer it. Anyone else noticed this?",brand_salience,neutral
POST_0224,2025-08-09,YouTube,PulseFit,United States,1,321,53,"After the update, PulseFit added a preference section where users can adjust the recommendations they receive.",personalisation,neutral
POST_0472,2025-08-09,App Store,EcoCart,Australia,5,325,67,EcoCart changed its pricing plans this month and introduced a new premium tier. This has been my experience so far.,price,neutral
POST_0533,2025-08-10,Reddit,EcoCart,United States,4,204,30,The beta program makes me feel involved in product development. Our feedback clearly contributes to improvements. Anyone else noticed this?,value_co_creation,positive
POST_0155,2025-08-10,App Store,EcoCart,Canada,3,414,2,I am uncomfortable with how much data EcoCart collects. I want clearer privacy controls. Overall this matters a lot to me.,privacy,negative
POST_0542,2025-08-12,Reddit,PulseFit,Australia,5,823,30,I had heard of PulseFit before but never used it. The name is familiar because I have seen several ads. Anyone else noticed this?,brand_salience,neutral
POST_0096,2025-08-13,Google Play,NovaStream,Canada,4,452,35,Customer support solved my problem quickly and the agent was friendly. Very happy with NovaStream. Anyone else noticed this?,service,positive
POST_0006,2025-08-14,Google Play,EcoCart,Australia,1,233,37,"EcoCart has strong awareness in my area, although I am not sure whether people actually prefer it. Overall this matters a lot to me.",brand_salience,neutral
POST_0501,2025-08-15,Google Play,EcoCart,United States,4,387,46,The subscription price is too high now. EcoCart is becoming expensive compared with alternatives. Curious what other users think.,price,negative
POST_0509,2025-08-19,Reddit,BrightBank,New Zealand,3,741,43,I enjoy participating in the BrightBank community because users share ideas and the company responds to suggestions. Curious what other users think.,value_co_creation,positive
POST_0040,2025-08-19,Google Play,NovaStream,Canada,2,315,46,"NovaStream has strong awareness in my area, although I am not sure whether people actually prefer it. Anyone else noticed this?",brand_salience,neutral
POST_0222,2025-08-20,App Store,NovaStream,Australia,4,271,74,Fast response from support and the problem was fixed in one conversation. Overall this matters a lot to me.,service,positive
POST_0223,2025-08-20,YouTube,PulseFit,New Zealand,4,634,48,Customer support solved my problem quickly and the agent was friendly. Very happy with PulseFit. Anyone else noticed this?,service,positive
POST_0062,2025-08-21,App Store,BrightBank,New Zealand,4,6,45,The redesign is confusing. Important settings are buried in menus and the app feels harder to use.,usability,negative
POST_0341,2025-08-23,App Store,EcoCart,Australia,3,447,30,"EcoCart has strong awareness in my area, although I am not sure whether people actually prefer it. Overall this matters a lot to me.",brand_salience,neutral
POST_0377,2025-08-23,Reddit,NovaStream,Australia,5,373,9,The recommendations are getting better. NovaStream seems to understand what I like without making the experience complicated. Anyone else noticed this?,personalisation,positive
POST_0530,2025-08-23,App Store,BrightBank,Australia,3,391,28,BrightBank changed its pricing plans this month and introduced a new premium tier. Hope they improve it in the next update.,price,neutral
POST_0128,2025-08-24,App Store,EcoCart,United States,5,670,12,I had heard of EcoCart before but never used it. The name is familiar because I have seen several ads. Overall this matters a lot to me.,brand_salience,neutral
POST_0514,2025-08-26,Google Play,BrightBank,New Zealand,1,137,32,"The new interface is clean, simple and much easier to navigate than the previous version. Overall this matters a lot to me.",usability,positive
POST_0207,2025-08-29,Reddit,NovaStream,United States,5,737,43,Support took three days to answer and my issue is still unresolved. Really frustrating experience with NovaStream. Anyone else noticed this?,service,negative
POST_0072,2025-08-29,YouTube,PulseFit,United States,1,791,38,The subscription price is too high now. PulseFit is becoming expensive compared with alternatives. Overall this matters a lot to me.,price,negative
POST_0013,2025-09-02,App Store,PulseFit,Canada,4,479,67,"After the update, PulseFit added a preference section where users can adjust the recommendations they receive. Hope they improve it in the next update.",personalisation,neutral
POST_0171,2025-09-03,Reddit,EcoCart,United States,2,709,21,The recommendations are getting better. EcoCart seems to understand what I like without making the experience complicated. Anyone else noticed this?,personalisation,positive
POST_0182,2025-09-03,App Store,NovaStream,New Zealand,4,735,18,The personalised suggestions from NovaStream are completely wrong for me and the algorithm keeps showing irrelevant things.,personalisation,negative
POST_0139,2025-09-03,App Store,EcoCart,Canada,4,440,12,"EcoCart has strong awareness in my area, although I am not sure whether people actually prefer it. This has been my experience so far.",brand_salience,neutral
POST_0578,2025-09-05,Google Play,BrightBank,Australia,4,460,37,The beta program makes me feel involved in product development. Our feedback clearly contributes to improvements. Anyone else noticed this?,value_co_creation,positive
POST_0524,2025-09-05,YouTube,PulseFit,United States,4,690,4,"There is a new community forum where customers can submit ideas, vote on features and discuss product improvements. Curious what other users think.",value_co_creation,neutral
POST_0152,2025-09-05,App Store,PulseFit,United States,3,216,17,The recommendations are getting better. PulseFit seems to understand what I like without making the experience complicated.,personalisation,positive
POST_0452,2025-09-10,YouTube,NovaStream,United Kingdom,5,575,26,"NovaStream has strong awareness in my area, although I am not sure whether people actually prefer it. Overall this matters a lot to me.",brand_salience,neutral
POST_0095,2025-09-10,Google Play,BrightBank,Australia,3,690,73,The new privacy dashboard gives users much more control over their data and permissions.,privacy,positive
POST_0047,2025-09-12,App Store,EcoCart,Canada,5,194,32,Good value for money. The features justify the monthly price for me.,price,positive
POST_0511,2025-09-12,Reddit,BrightBank,Canada,5,614,4,Fast response from support and the problem was fixed in one conversation. Anyone else noticed this?,service,positive
POST_0150,2025-09-13,App Store,BrightBank,United Kingdom,2,524,14,Fast response from support and the problem was fixed in one conversation. Hope they improve it in the next update.,service,positive
POST_0138,2025-09-14,Google Play,NovaStream,United States,3,648,74,The personalised suggestions from NovaStream are completely wrong for me and the algorithm keeps showing irrelevant things.,personalisation,negative
POST_0008,2025-09-15,YouTube,EcoCart,New Zealand,5,167,59,Fast response from support and the problem was fixed in one conversation. Anyone else noticed this?,service,positive
POST_0460,2025-09-15,App Store,BrightBank,United Kingdom,4,351,37,The campaign was catchy and made BrightBank much easier to recall when I was deciding what to buy. Anyone else noticed this?,brand_salience,positive
POST_0308,2025-09-17,App Store,EcoCart,Australia,3,468,22,The campaign was catchy and made EcoCart much easier to recall when I was deciding what to buy. Curious what other users think.,brand_salience,positive
POST_0445,2025-09-18,Google Play,BrightBank,United States,4,499,14,The app remembered my preferences and suggested exactly what I needed. This is the kind of personalisation I want. Overall this matters a lot to me.,personalisation,positive
POST_0581,2025-09-19,Reddit,BrightBank,Canada,5,113,12,Fast response from support and the problem was fixed in one conversation. This has been my experience so far.,service,positive
POST_0220,2025-09-19,Google Play,PulseFit,Canada,5,757,38,"After the update, PulseFit added a preference section where users can adjust the recommendations they receive. Anyone else noticed this?",personalisation,neutral
POST_0183,2025-09-21,YouTube,BrightBank,New Zealand,4,680,10,"There is a new community forum where customers can submit ideas, vote on features and discuss product improvements. Anyone else noticed this?",value_co_creation,neutral
POST_0213,2025-09-22,App Store,EcoCart,United States,5,591,40,The recommendations are getting better. EcoCart seems to understand what I like without making the experience complicated. Anyone else noticed this?,personalisation,positive
POST_0318,2025-09-22,Reddit,BrightBank,United States,5,583,44,I am uncomfortable with how much data BrightBank collects. I want clearer privacy controls. Anyone else noticed this?,privacy,negative
POST_0536,2025-09-27,Google Play,BrightBank,New Zealand,5,502,23,The recommendations are getting better. BrightBank seems to understand what I like without making the experience complicated. Hope they improve it in the next update.,personalisation,positive
POST_0442,2025-09-28,App Store,EcoCart,Australia,4,350,23,The beta program makes me feel involved in product development. Our feedback clearly contributes to improvements. Overall this matters a lot to me.,value_co_creation,positive
POST_0089,2025-10-02,Reddit,NovaStream,Australia,2,177,70,Support took three days to answer and my issue is still unresolved. Really frustrating experience with NovaStream. This has been my experience so far.,service,negative
POST_0574,2025-10-02,Google Play,NovaStream,United Kingdom,5,718,68,I barely remember NovaStream. Nothing about the branding stands out compared with competitors.,brand_salience,negative
POST_0059,2025-10-03,App Store,EcoCart,Canada,1,292,30,The redesign is confusing. Important settings are buried in menus and the app feels harder to use. This has been my experience so far.,usability,negative
POST_0209,2025-10-04,App Store,NovaStream,United Kingdom,4,824,51,I see NovaStream everywhere lately. The logo and advertising are distinctive and I immediately recognise the brand. This has been my experience so far.,brand_salience,positive
POST_0120,2025-10-04,YouTube,PulseFit,United Kingdom,5,34,74,Fast response from support and the problem was fixed in one conversation.,service,positive
POST_0339,2025-10-05,Google Play,BrightBank,Canada,4,411,10,"The new interface is clean, simple and much easier to navigate than the previous version. Curious what other users think.",usability,positive
POST_0544,2025-10-07,Reddit,BrightBank,United Kingdom,5,307,32,I see BrightBank everywhere lately. The logo and advertising are distinctive and I immediately recognise the brand. Curious what other users think.,brand_salience,positive
POST_0549,2025-10-08,App Store,EcoCart,United Kingdom,4,627,73,"When I think about this category, EcoCart is the first brand that comes to mind. It is memorable and easy to recognise. Anyone else noticed this?",brand_salience,positive
POST_0187,2025-10-08,App Store,BrightBank,Australia,5,468,4,The redesign is confusing. Important settings are buried in menus and the app feels harder to use. Anyone else noticed this?,usability,negative
POST_0166,2025-10-08,YouTube,EcoCart,Australia,3,571,49,I see EcoCart everywhere lately. The logo and advertising are distinctive and I immediately recognise the brand. This has been my experience so far.,brand_salience,positive
POST_0296,2025-10-10,Reddit,BrightBank,United Kingdom,5,732,54,Fast response from support and the problem was fixed in one conversation. Anyone else noticed this?,service,positive
POST_0590,2025-10-10,App Store,EcoCart,United Kingdom,4,576,69,I am uncomfortable with how much data EcoCart collects. I want clearer privacy controls. Overall this matters a lot to me.,privacy,negative
POST_0484,2025-10-11,Google Play,BrightBank,United Kingdom,5,11,70,"After the update, BrightBank added a preference section where users can adjust the recommendations they receive. This has been my experience so far.",personalisation,neutral
POST_0126,2025-10-12,YouTube,PulseFit,United Kingdom,5,119,17,Support took three days to answer and my issue is still unresolved. Really frustrating experience with PulseFit. Overall this matters a lot to me.,service,negative
POST_0433,2025-10-17,App Store,NovaStream,New Zealand,1,49,13,Users have been requesting this feature for months and NovaStream still ignores the community. Curious what other users think.,value_co_creation,negative
POST_0393,2025-10-19,YouTube,EcoCart,United States,4,390,47,The new privacy dashboard gives users much more control over their data and permissions. Hope they improve it in the next update.,privacy,positive
POST_0369,2025-10-20,Reddit,BrightBank,New Zealand,5,391,45,"After the update, BrightBank added a preference section where users can adjust the recommendations they receive. Anyone else noticed this?",personalisation,neutral
POST_0066,2025-10-20,YouTube,NovaStream,Canada,2,266,48,Fast response from support and the problem was fixed in one conversation. Anyone else noticed this?,service,positive
POST_0162,2025-10-22,YouTube,EcoCart,New Zealand,4,473,74,The redesign is confusing. Important settings are buried in menus and the app feels harder to use. Curious what other users think.,usability,negative
POST_0365,2025-10-23,Reddit,NovaStream,Australia,5,849,42,I love how NovaStream recommends content based on my preferences. It feels genuinely personalised and relevant to me. Anyone else noticed this?,personalisation,positive
POST_0493,2025-10-23,Reddit,NovaStream,United Kingdom,5,143,68,I barely remember NovaStream. Nothing about the branding stands out compared with competitors.,brand_salience,negative
POST_0412,2025-10-24,Reddit,PulseFit,United States,3,419,65,The app remembered my preferences and suggested exactly what I needed. This is the kind of personalisation I want. Overall this matters a lot to me.,personalisation,positive
POST_0189,2025-10-24,YouTube,EcoCart,United Kingdom,5,48,42,I barely remember EcoCart. Nothing about the branding stands out compared with competitors. This has been my experience so far.,brand_salience,negative
POST_0234,2025-10-28,App Store,BrightBank,United Kingdom,3,60,11,The latest update crashes constantly and customer service keeps sending generic responses. This has been my experience so far.,service,negative
POST_0241,2025-10-31,Google Play,NovaStream,United States,1,121,59,"There is a new community forum where customers can submit ideas, vote on features and discuss product improvements. Overall this matters a lot to me.",value_co_creation,neutral
POST_0421,2025-11-01,Google Play,PulseFit,United Kingdom,3,314,53,Good value for money. The features justify the monthly price for me. Anyone else noticed this?,price,positive
POST_0159,2025-11-02,Reddit,PulseFit,Canada,4,577,74,PulseFit actually listened to community feedback and added the feature users requested. Great example of customers shaping the product. Anyone else noticed this?,value_co_creation,positive
POST_0372,2025-11-03,Reddit,NovaStream,New Zealand,5,754,7,The app remembered my preferences and suggested exactly what I needed. This is the kind of personalisation I want. This has been my experience so far.,personalisation,positive
POST_0420,2025-11-04,Reddit,EcoCart,United Kingdom,1,131,33,The campaign was catchy and made EcoCart much easier to recall when I was deciding what to buy. Anyone else noticed this?,brand_salience,positive
POST_0335,2025-11-05,YouTube,EcoCart,New Zealand,4,193,50,I enjoy participating in the EcoCart community because users share ideas and the company responds to suggestions. Anyone else noticed this?,value_co_creation,positive
POST_0118,2025-11-05,YouTube,EcoCart,Australia,4,702,6,"There is a new community forum where customers can submit ideas, vote on features and discuss product improvements. This has been my experience so far.",value_co_creation,neutral
POST_0257,2025-11-07,Reddit,EcoCart,Canada,3,62,71,I enjoy participating in the EcoCart community because users share ideas and the company responds to suggestions. Anyone else noticed this?,value_co_creation,positive
POST_0131,2025-11-09,YouTube,BrightBank,New Zealand,5,51,42,"I like tailored recommendations, but BrightBank seems to track too much information about me. The privacy trade-off worries me. Overall this matters a lot to me.",personalisation,negative
POST_0357,2025-11-09,App Store,NovaStream,United Kingdom,3,322,50,The personalised suggestions from NovaStream are completely wrong for me and the algorithm keeps showing irrelevant things. Anyone else noticed this?,personalisation,negative
POST_0475,2025-11-15,YouTube,NovaStream,United States,5,628,31,I barely remember NovaStream. Nothing about the branding stands out compared with competitors. Hope they improve it in the next update.,brand_salience,negative
POST_0022,2025-11-16,Google Play,PulseFit,New Zealand,2,584,73,The personalised suggestions from PulseFit are completely wrong for me and the algorithm keeps showing irrelevant things. Anyone else noticed this?,personalisation,negative
POST_0489,2025-11-18,Reddit,EcoCart,Australia,3,71,24,The beta program makes me feel involved in product development. Our feedback clearly contributes to improvements. Anyone else noticed this?,value_co_creation,positive
POST_0488,2025-11-18,Google Play,NovaStream,Australia,2,594,62,I had heard of NovaStream before but never used it. The name is familiar because I have seen several ads. This has been my experience so far.,brand_salience,neutral
POST_0194,2025-11-18,YouTube,NovaStream,United Kingdom,4,767,20,NovaStream keeps asking for customer feedback but nothing changes. It feels like participation is just for show. Hope they improve it in the next update.,value_co_creation,negative
POST_0309,2025-11-19,YouTube,EcoCart,Australia,3,119,23,The redesign is confusing. Important settings are buried in menus and the app feels harder to use. This has been my experience so far.,usability,negative
POST_0532,2025-11-20,App Store,NovaStream,Australia,4,182,60,"There is a new community forum where customers can submit ideas, vote on features and discuss product improvements. This has been my experience so far.",value_co_creation,neutral
POST_0024,2025-11-20,YouTube,BrightBank,Australia,1,745,43,I see BrightBank everywhere lately. The logo and advertising are distinctive and I immediately recognise the brand. Overall this matters a lot to me.,brand_salience,positive
POST_0505,2025-11-22,App Store,NovaStream,United States,4,662,52,Good value for money. The features justify the monthly price for me. Hope they improve it in the next update.,price,positive
POST_0052,2025-11-22,App Store,BrightBank,Canada,5,815,21,I had heard of BrightBank before but never used it. The name is familiar because I have seen several ads. Curious what other users think.,brand_salience,neutral
POST_0227,2025-11-23,Google Play,EcoCart,United Kingdom,4,196,31,I had heard of EcoCart before but never used it. The name is familiar because I have seen several ads. Overall this matters a lot to me.,brand_salience,neutral
POST_0492,2025-11-26,Reddit,EcoCart,Canada,4,367,39,EcoCart keeps asking for customer feedback but nothing changes. It feels like participation is just for show. This has been my experience so far.,value_co_creation,negative
POST_0196,2025-11-26,Reddit,NovaStream,United Kingdom,4,78,73,"When I think about this category, NovaStream is the first brand that comes to mind. It is memorable and easy to recognise. This has been my experience so far.",brand_salience,positive
POST_0283,2025-11-27,Reddit,BrightBank,Canada,1,633,37,"When I think about this category, BrightBank is the first brand that comes to mind. It is memorable and easy to recognise. Overall this matters a lot to me.",brand_salience,positive
POST_0246,2025-11-27,YouTube,BrightBank,New Zealand,4,522,57,I am uncomfortable with how much data BrightBank collects. I want clearer privacy controls. Overall this matters a lot to me.,privacy,negative
POST_0410,2025-11-28,YouTube,BrightBank,United Kingdom,4,456,22,The campaign was catchy and made BrightBank much easier to recall when I was deciding what to buy. Anyone else noticed this?,brand_salience,positive
POST_0014,2025-11-29,YouTube,NovaStream,United Kingdom,1,445,20,NovaStream keeps asking for customer feedback but nothing changes. It feels like participation is just for show. This has been my experience so far.,value_co_creation,negative
POST_0009,2025-12-02,Reddit,EcoCart,United States,5,824,40,"When I think about this category, EcoCart is the first brand that comes to mind. It is memorable and easy to recognise.",brand_salience,positive
POST_0364,2025-12-03,Google Play,BrightBank,Australia,4,265,9,BrightBank actually listened to community feedback and added the feature users requested. Great example of customers shaping the product. Overall this matters a lot to me.,value_co_creation,positive
POST_0242,2025-12-03,App Store,PulseFit,United Kingdom,5,654,37,"There is a new community forum where customers can submit ideas, vote on features and discuss product improvements. Overall this matters a lot to me.",value_co_creation,neutral
POST_0479,2025-12-03,YouTube,BrightBank,Canada,5,38,11,BrightBank actually listened to community feedback and added the feature users requested. Great example of customers shaping the product.,value_co_creation,positive
POST_0130,2025-12-03,YouTube,EcoCart,United Kingdom,1,282,24,I am uncomfortable with how much data EcoCart collects. I want clearer privacy controls. Curious what other users think.,privacy,negative
POST_0573,2025-12-05,App Store,NovaStream,United Kingdom,5,254,20,I love how NovaStream recommends content based on my preferences. It feels genuinely personalised and relevant to me. Anyone else noticed this?,personalisation,positive
POST_0438,2025-12-05,Reddit,BrightBank,United States,1,687,11,The recommendations are getting better. BrightBank seems to understand what I like without making the experience complicated. This has been my experience so far.,personalisation,positive
POST_0210,2025-12-06,YouTube,BrightBank,Canada,4,475,26,"There is a new community forum where customers can submit ideas, vote on features and discuss product improvements. Anyone else noticed this?",value_co_creation,neutral
POST_0156,2025-12-07,App Store,PulseFit,Canada,5,249,55,The beta program makes me feel involved in product development. Our feedback clearly contributes to improvements.,value_co_creation,positive
POST_0193,2025-12-07,Reddit,BrightBank,Canada,1,361,55,Support took three days to answer and my issue is still unresolved. Really frustrating experience with BrightBank. This has been my experience so far.,service,negative
POST_0434,2025-12-07,YouTube,NovaStream,Canada,4,560,32,The latest update crashes constantly and customer service keeps sending generic responses. Hope they improve it in the next update.,service,negative
POST_0404,2025-12-08,Google Play,BrightBank,Canada,5,381,2,The recommendations are getting better. BrightBank seems to understand what I like without making the experience complicated.,personalisation,positive
POST_0278,2025-12-09,Reddit,PulseFit,United Kingdom,1,76,35,The recommendations are getting better. PulseFit seems to understand what I like without making the experience complicated. Hope they improve it in the next update.,personalisation,positive
POST_0467,2025-12-10,Google Play,PulseFit,Canada,4,807,40,"When I think about this category, PulseFit is the first brand that comes to mind. It is memorable and easy to recognise.",brand_salience,positive
POST_0529,2025-12-11,Google Play,EcoCart,New Zealand,4,249,43,"I like tailored recommendations, but EcoCart seems to track too much information about me. The privacy trade-off worries me. Hope they improve it in the next update.",personalisation,negative
POST_0435,2025-12-12,Reddit,PulseFit,Australia,3,677,12,I barely remember PulseFit. Nothing about the branding stands out compared with competitors. Overall this matters a lot to me.,brand_salience,negative
POST_0264,2025-12-13,Reddit,BrightBank,United States,4,245,70,Good value for money. The features justify the monthly price for me. Overall this matters a lot to me.,price,positive
POST_0520,2025-12-17,App Store,PulseFit,United States,4,804,43,Good value for money. The features justify the monthly price for me.,price,positive
POST_0564,2025-12-18,Google Play,BrightBank,United States,3,155,6,Support took three days to answer and my issue is still unresolved. Really frustrating experience with BrightBank. Hope they improve it in the next update.,service,negative
POST_0482,2025-12-18,YouTube,NovaStream,New Zealand,1,805,38,The latest update crashes constantly and customer service keeps sending generic responses. This has been my experience so far.,service,negative
POST_0343,2025-12-19,Reddit,NovaStream,Canada,5,535,66,"I like tailored recommendations, but NovaStream seems to track too much information about me. The privacy trade-off worries me. Anyone else noticed this?",personalisation,negative
POST_0298,2025-12-19,Google Play,NovaStream,Australia,1,254,45,"NovaStream has strong awareness in my area, although I am not sure whether people actually prefer it. Curious what other users think.",brand_salience,neutral
POST_0588,2025-12-20,App Store,EcoCart,Australia,2,184,70,EcoCart changed its pricing plans this month and introduced a new premium tier. Hope they improve it in the next update.,price,neutral
POST_0108,2025-12-23,App Store,EcoCart,United States,4,37,16,The recommendations are getting better. EcoCart seems to understand what I like without making the experience complicated. Hope they improve it in the next update.,personalisation,positive
POST_0519,2025-12-23,Google Play,EcoCart,United States,5,675,15,EcoCart keeps asking for customer feedback but nothing changes. It feels like participation is just for show. Overall this matters a lot to me.,value_co_creation,negative
POST_0260,2025-12-25,Google Play,PulseFit,Australia,4,426,71,I enjoy participating in the PulseFit community because users share ideas and the company responds to suggestions. Hope they improve it in the next update.,value_co_creation,positive
POST_0295,2025-12-26,App Store,NovaStream,United Kingdom,5,70,52,Fast response from support and the problem was fixed in one conversation. Hope they improve it in the next update.,service,positive
POST_0585,2025-12-26,Google Play,BrightBank,United Kingdom,4,751,9,Users have been requesting this feature for months and BrightBank still ignores the community. Curious what other users think.,value_co_creation,negative
POST_0221,2025-12-26,App Store,EcoCart,Canada,5,377,42,Customer support solved my problem quickly and the agent was friendly. Very happy with EcoCart. This has been my experience so far.,service,positive
POST_0200,2025-12-27,Google Play,EcoCart,New Zealand,3,307,20,The personalised suggestions from EcoCart are completely wrong for me and the algorithm keeps showing irrelevant things. Curious what other users think.,personalisation,negative
POST_0102,2025-12-27,Reddit,NovaStream,New Zealand,1,417,11,"I like tailored recommendations, but NovaStream seems to track too much information about me. The privacy trade-off worries me. This has been my experience so far.",personalisation,negative
POST_0471,2025-12-27,App Store,EcoCart,United States,5,611,6,I love how EcoCart recommends content based on my preferences. It feels genuinely personalised and relevant to me.,personalisation,positive
POST_0313,2025-12-28,App Store,BrightBank,United States,1,31,28,I see BrightBank everywhere lately. The logo and advertising are distinctive and I immediately recognise the brand. Hope they improve it in the next update.,brand_salience,positive
POST_0463,2025-12-28,Google Play,PulseFit,New Zealand,4,584,53,The subscription price is too high now. PulseFit is becoming expensive compared with alternatives. This has been my experience so far.,price,negative
POST_0355,2025-12-29,Reddit,NovaStream,Australia,5,532,52,I barely remember NovaStream. Nothing about the branding stands out compared with competitors.,brand_salience,negative
POST_0397,2026-01-01,App Store,NovaStream,New Zealand,5,819,73,"There is a new community forum where customers can submit ideas, vote on features and discuss product improvements. Curious what other users think.",value_co_creation,neutral
POST_0238,2026-01-05,Google Play,BrightBank,United Kingdom,5,581,24,Good value for money. The features justify the monthly price for me.,price,positive
POST_0055,2026-01-05,Reddit,BrightBank,Canada,4,151,0,I had heard of BrightBank before but never used it. The name is familiar because I have seen several ads. Hope they improve it in the next update.,brand_salience,neutral
POST_0211,2026-01-05,Google Play,PulseFit,United Kingdom,5,133,47,The beta program makes me feel involved in product development. Our feedback clearly contributes to improvements. Overall this matters a lot to me.,value_co_creation,positive
POST_0049,2026-01-07,YouTube,EcoCart,United Kingdom,5,334,51,Support took three days to answer and my issue is still unresolved. Really frustrating experience with EcoCart. Curious what other users think.,service,negative
POST_0328,2026-01-13,Google Play,BrightBank,Canada,5,720,12,The recommendations are getting better. BrightBank seems to understand what I like without making the experience complicated. Anyone else noticed this?,personalisation,positive
POST_0419,2026-01-13,Google Play,PulseFit,New Zealand,4,487,45,The redesign is confusing. Important settings are buried in menus and the app feels harder to use. Anyone else noticed this?,usability,negative
POST_0432,2026-01-14,Reddit,PulseFit,Australia,4,173,15,I love how PulseFit recommends content based on my preferences. It feels genuinely personalised and relevant to me. Anyone else noticed this?,personalisation,positive
POST_0494,2026-01-14,YouTube,EcoCart,New Zealand,4,832,74,EcoCart actually listened to community feedback and added the feature users requested. Great example of customers shaping the product.,value_co_creation,positive
POST_0005,2026-01-17,YouTube,EcoCart,Australia,5,387,10,Support took three days to answer and my issue is still unresolved. Really frustrating experience with EcoCart. Curious what other users think.,service,negative
POST_0323,2026-01-18,YouTube,NovaStream,United Kingdom,5,814,68,Customer support solved my problem quickly and the agent was friendly. Very happy with NovaStream. Overall this matters a lot to me.,service,positive
POST_0459,2026-01-18,Reddit,PulseFit,Canada,5,620,41,I barely remember PulseFit. Nothing about the branding stands out compared with competitors.,brand_salience,negative
POST_0256,2026-01-19,Reddit,EcoCart,New Zealand,4,688,41,"After the update, EcoCart added a preference section where users can adjust the recommendations they receive. This has been my experience so far.",personalisation,neutral
POST_0526,2026-01-24,YouTube,PulseFit,Australia,4,743,71,Customer support solved my problem quickly and the agent was friendly. Very happy with PulseFit.,service,positive
POST_0354,2026-01-25,App Store,NovaStream,Australia,2,243,53,The beta program makes me feel involved in product development. Our feedback clearly contributes to improvements. This has been my experience so far.,value_co_creation,positive
POST_0569,2026-01-25,Reddit,BrightBank,Canada,5,96,66,"When I think about this category, BrightBank is the first brand that comes to mind. It is memorable and easy to recognise. Anyone else noticed this?",brand_salience,positive
POST_0441,2026-01-26,App Store,EcoCart,Australia,1,141,21,"The new interface is clean, simple and much easier to navigate than the previous version.",usability,positive
POST_0347,2026-01-28,Reddit,NovaStream,Australia,5,12,31,The new privacy dashboard gives users much more control over their data and permissions.,privacy,positive
POST_0267,2026-01-29,Reddit,NovaStream,United Kingdom,4,598,74,I see NovaStream everywhere lately. The logo and advertising are distinctive and I immediately recognise the brand.,brand_salience,positive
POST_0001,2026-01-29,YouTube,NovaStream,United States,2,104,69,The latest update crashes constantly and customer service keeps sending generic responses. Anyone else noticed this?,service,negative
